Using pre-set license
Built from '2020.3/staging' branch; Version is '2020.3.48f1 (b805b124c6b7) revision 12060081'; Using compiler version '192528614'; Build Type 'Release'
OS: 'Windows 11  (10.0.26100) 64bit CoreSingleLanguage' Language: 'en' Physical Memory: 11972 MB
BatchMode: 1, IsHumanControllingUs: 0, StartBugReporterOnCrash: 0, Is64bit: 1, IsPro: 0

COMMAND LINE ARGUMENTS:
C:\Program Files\Unity\Hub\Editor\2020.3.48f1\Editor\Unity.exe
-adb2
-batchMode
-noUpm
-name
AssetImportWorker0
-projectPath
C:/Users/23117/unity-fruit-ninja-tutorial
-logFile
Logs/AssetImportWorker0.log
-srvPort
62445
Successfully changed project path to: C:/Users/23117/unity-fruit-ninja-tutorial
C:/Users/23117/unity-fruit-ninja-tutorial
Using Asset Import Pipeline V2.
Player connection [15060] Host "[IP] 172.20.10.4 [Port] 73 [Flags] 2 [Guid] 451716391 [EditorId] 451716391 [Version] 1048832 [Id] WindowsEditor(7,Chriss) [Debug] 1 [PackageName] WindowsEditor [ProjectName] Editor" joined multi-casting on [225.0.0.222:54997]...

Player connection [15060] Host "[IP] 172.20.10.4 [Port] 73 [Flags] 2 [Guid] 451716391 [EditorId] 451716391 [Version] 1048832 [Id] WindowsEditor(7,Chriss) [Debug] 1 [PackageName] WindowsEditor [ProjectName] Editor" joined alternative multi-casting on [225.0.0.222:34997]...

Refreshing native plugins compatible for Editor in 15.47 ms, found 0 plugins.
Preloading 0 native plugins for Editor in 0.00 ms.
Initialize engine version: 2020.3.48f1 (b805b124c6b7)
[Subsystems] Discovering subsystems at path C:/Program Files/Unity/Hub/Editor/2020.3.48f1/Editor/Data/Resources/UnitySubsystems
[Subsystems] Discovering subsystems at path C:/Users/23117/unity-fruit-ninja-tutorial/Assets
GfxDevice: creating device client; threaded=0
Direct3D:
    Version:  Direct3D 11.0 [level 11.1]
    Renderer: NVIDIA GeForce RTX 4050 Laptop GPU (ID=0x28e1)
    Vendor:   
    VRAM:     5921 MB
    Driver:   32.0.15.7702
Initialize mono
Mono path[0] = 'C:/Program Files/Unity/Hub/Editor/2020.3.48f1/Editor/Data/Managed'
Mono path[1] = 'C:/Program Files/Unity/Hub/Editor/2020.3.48f1/Editor/Data/MonoBleedingEdge/lib/mono/unityjit'
Mono config path = 'C:/Program Files/Unity/Hub/Editor/2020.3.48f1/Editor/Data/MonoBleedingEdge/etc'
Using monoOptions --debugger-agent=transport=dt_socket,embedding=1,server=y,suspend=n,address=127.0.0.1:56992
Begin MonoManager ReloadAssembly
Registering precompiled unity dll's ...
Register platform support module: C:/Program Files/Unity/Hub/Editor/2020.3.48f1/Editor/Data/PlaybackEngines/WebGLSupport/UnityEditor.WebGL.Extensions.dll
Register platform support module: C:/Program Files/Unity/Hub/Editor/2020.3.48f1/Editor/Data/PlaybackEngines/MacStandaloneSupport/UnityEditor.OSXStandalone.Extensions.dll
Register platform support module: C:/Program Files/Unity/Hub/Editor/2020.3.48f1/Editor/Data/PlaybackEngines/WindowsStandaloneSupport/UnityEditor.WindowsStandalone.Extensions.dll
Registered in 0.002484 seconds.
Native extension for WindowsStandalone target not found
Native extension for OSXStandalone target not found
Native extension for WebGL target not found
Refreshing native plugins compatible for Editor in 11.26 ms, found 0 plugins.
Preloading 0 native plugins for Editor in 0.00 ms.
Mono: successfully reloaded assembly
- Completed reload, in  0.423 seconds
Domain Reload Profiling:
	ReloadAssembly (423ms)
		BeginReloadAssembly (53ms)
			ExecutionOrderSort (0ms)
			DisableScriptedObjects (0ms)
			BackupInstance (0ms)
			ReleaseScriptingObjects (0ms)
			CreateAndSetChildDomain (1ms)
		EndReloadAssembly (314ms)
			LoadAssemblies (52ms)
			RebuildTransferFunctionScriptingTraits (0ms)
			SetupTypeCache (109ms)
			ReleaseScriptCaches (0ms)
			RebuildScriptCaches (20ms)
			SetupLoadedEditorAssemblies (108ms)
				LogAssemblyErrors (0ms)
				InitializePlatformSupportModulesInManaged (5ms)
				SetLoadedEditorAssemblies (0ms)
				RefreshPlugins (11ms)
				BeforeProcessingInitializeOnLoad (10ms)
				ProcessInitializeOnLoadAttributes (61ms)
				ProcessInitializeOnLoadMethodAttributes (21ms)
				AfterProcessingInitializeOnLoad (0ms)
				EditorAssembliesLoaded (0ms)
			ExecutionOrderSort2 (0ms)
			AwakeInstancesAfterBackupRestoration (0ms)
Platform modules already initialized, skipping
Registering precompiled user dll's ...
Registered in 0.000562 seconds.
Begin MonoManager ReloadAssembly
Native extension for WindowsStandalone target not found
Native extension for OSXStandalone target not found
Native extension for WebGL target not found
Refreshing native plugins compatible for Editor in 0.14 ms, found 0 plugins.
Preloading 0 native plugins for Editor in 0.00 ms.
Mono: successfully reloaded assembly
- Completed reload, in  0.561 seconds
Domain Reload Profiling:
	ReloadAssembly (562ms)
		BeginReloadAssembly (113ms)
			ExecutionOrderSort (0ms)
			DisableScriptedObjects (5ms)
			BackupInstance (0ms)
			ReleaseScriptingObjects (0ms)
			CreateAndSetChildDomain (20ms)
		EndReloadAssembly (404ms)
			LoadAssemblies (68ms)
			RebuildTransferFunctionScriptingTraits (0ms)
			SetupTypeCache (122ms)
			ReleaseScriptCaches (0ms)
			RebuildScriptCaches (23ms)
			SetupLoadedEditorAssemblies (151ms)
				LogAssemblyErrors (0ms)
				InitializePlatformSupportModulesInManaged (5ms)
				SetLoadedEditorAssemblies (0ms)
				RefreshPlugins (0ms)
				BeforeProcessingInitializeOnLoad (59ms)
				ProcessInitializeOnLoadAttributes (73ms)
				ProcessInitializeOnLoadMethodAttributes (8ms)
				AfterProcessingInitializeOnLoad (5ms)
				EditorAssembliesLoaded (0ms)
			ExecutionOrderSort2 (0ms)
			AwakeInstancesAfterBackupRestoration (1ms)
Platform modules already initialized, skipping
========================================================================
Worker process is ready to serve import requests
Launched and connected shader compiler UnityShaderCompiler.exe after 0.05 seconds
Refreshing native plugins compatible for Editor in 0.34 ms, found 0 plugins.
Preloading 0 native plugins for Editor in 0.00 ms.
Unloading 655 Unused Serialized files (Serialized files now loaded: 0)
System memory in use before: 46.6 MB.
System memory in use after: 46.6 MB.

Unloading 8 unused Assets to reduce memory usage. Loaded Objects now: 1099.
Total: 2.430800 ms (FindLiveObjects: 0.092500 ms CreateObjectMapping: 0.016700 ms MarkObjects: 2.249400 ms  DeleteObjects: 0.071200 ms)

AssetImportParameters requested are different than current active one (requested -> active):
  custom:framework-win-MediaFoundation: 216162199b28c13a410421893ffa2e32 -> 
  custom:video-decoder-ogg-theora: a1e56fd34408186e4bbccfd4996cb3dc -> 
  custom:container-muxer-webm: aa71ff27fc2769a1b78a27578f13a17b -> 
  custom:container-demuxer-webm: 4f35f7cbe854078d1ac9338744f61a02 -> 
  custom:container-demuxer-ogg: 62fdf1f143b41e24485cea50d1cbac27 -> 
  custom:video-encoder-webm-vp8: eb34c28f22e8b96e1ab97ce403110664 -> 
  custom:video-codec-MediaFoundation-h265: 746d11721c4dcdbdad8f713fa42b33f4 -> 
  custom:video-decoder-webm-vp8: 9c59270c3fd7afecdb556c50c9e8de78 -> 
  custom:audio-decoder-ogg-vorbis: bf7c407c2cedff20999df2af8eb42d56 -> 
  custom:audio-encoder-webm-vorbis: bf7c407c2cedff20999df2af8eb42d56 -> 
========================================================================
Received Import Request.
  path: Assets/Textures/Wood.png
  artifactKey: Guid(d168ac487bbec5c45954d6f1c85e4458) Importer(815301076,1909f56bfc062723c751e8b465ee728b)
Start importing Assets/Textures/Wood.png using Guid(d168ac487bbec5c45954d6f1c85e4458) Importer(815301076,1909f56bfc062723c751e8b465ee728b)  -> (artifact id: '51ba000e4d752c7778c45d369d4b74ed') in 0.093682 seconds 
========================================================================
Received Import Request.
  Time since last request: 75.389710 seconds.
  path: Assets/Textures/包子.jpg
  artifactKey: Guid(7ca80b7e345b9fd4b80483c4787a005c) Importer(815301076,1909f56bfc062723c751e8b465ee728b)
Start importing Assets/Textures/包子.jpg using Guid(7ca80b7e345b9fd4b80483c4787a005c) Importer(815301076,1909f56bfc062723c751e8b465ee728b)  -> (artifact id: '023066c805153bf83e9c1c5998d5506e') in 0.015998 seconds 
========================================================================
Received Import Request.
  Time since last request: 181.412013 seconds.
  path: Assets/Textures/包子.jpg
  artifactKey: Guid(7ca80b7e345b9fd4b80483c4787a005c) Importer(815301076,1909f56bfc062723c751e8b465ee728b)
Start importing Assets/Textures/包子.jpg using Guid(7ca80b7e345b9fd4b80483c4787a005c) Importer(815301076,1909f56bfc062723c751e8b465ee728b)  -> (artifact id: '15b9e1241ea185f01fd894f244531e97') in 0.069751 seconds 
========================================================================
Received Import Request.
  Time since last request: 114.900221 seconds.
  path: Assets/Textures/包子.jpg
  artifactKey: Guid(7ca80b7e345b9fd4b80483c4787a005c) Importer(815301076,1909f56bfc062723c751e8b465ee728b)
Start importing Assets/Textures/包子.jpg using Guid(7ca80b7e345b9fd4b80483c4787a005c) Importer(815301076,1909f56bfc062723c751e8b465ee728b)  -> (artifact id: '204314b3b3e78c5d46bd307cd1be183a') in 0.014460 seconds 
========================================================================
Received Import Request.
  Time since last request: 47934.634128 seconds.
  path: Assets/包子.jpg
  artifactKey: Guid(37f0de754fdcc064bac6c078a4c5503c) Importer(815301076,1909f56bfc062723c751e8b465ee728b)
Start importing Assets/包子.jpg using Guid(37f0de754fdcc064bac6c078a4c5503c) Importer(815301076,1909f56bfc062723c751e8b465ee728b)  -> (artifact id: '109ae8cc2f412687324dcb7503660ba3') in 0.129135 seconds 
========================================================================
Received Import Request.
  Time since last request: 0.000235 seconds.
  path: Assets/Textures
  artifactKey: Guid(da9aed3e7d004e14c96e4026b83e22cb) Importer(815301076,1909f56bfc062723c751e8b465ee728b)
Start importing Assets/Textures using Guid(da9aed3e7d004e14c96e4026b83e22cb) Importer(815301076,1909f56bfc062723c751e8b465ee728b)  -> (artifact id: '0927d55a2eea6962331e097dcd3b180e') in 0.003236 seconds 
========================================================================
Received Import Request.
  Time since last request: 28.837773 seconds.
  path: Assets/Textures/17bced76-ade5-4953-a02b-d01356cca986.png
  artifactKey: Guid(11bfd0eafa9e1a24d9380ef917c2fa9d) Importer(815301076,1909f56bfc062723c751e8b465ee728b)
Start importing Assets/Textures/17bced76-ade5-4953-a02b-d01356cca986.png using Guid(11bfd0eafa9e1a24d9380ef917c2fa9d) Importer(815301076,1909f56bfc062723c751e8b465ee728b)  -> (artifact id: '929d5caac7d92f8a4484dc66b1ffec91') in 0.030493 seconds 
========================================================================
Received Import Request.
  Time since last request: 45.239225 seconds.
  path: Assets/Textures/17bced76-ade5-4953-a02b-d01356cca986.png
  artifactKey: Guid(11bfd0eafa9e1a24d9380ef917c2fa9d) Importer(815301076,1909f56bfc062723c751e8b465ee728b)
Start importing Assets/Textures/17bced76-ade5-4953-a02b-d01356cca986.png using Guid(11bfd0eafa9e1a24d9380ef917c2fa9d) Importer(815301076,1909f56bfc062723c751e8b465ee728b)  -> (artifact id: 'e20792c786fac870005bb9b4e3294a0a') in 0.052477 seconds 
========================================================================
Received Import Request.
  Time since last request: 21.731275 seconds.
  path: Assets/Physics/Bouncy.physicMaterial
  artifactKey: Guid(170ea778e87c5c648b655669be0be144) Importer(815301076,1909f56bfc062723c751e8b465ee728b)
Start importing Assets/Physics/Bouncy.physicMaterial using Guid(170ea778e87c5c648b655669be0be144) Importer(815301076,1909f56bfc062723c751e8b465ee728b)  -> (artifact id: '2f0a7297c49116b7e9f0cccd935aa05b') in 0.026080 seconds 
========================================================================
Received Import Request.
  Time since last request: 0.636448 seconds.
  path: Assets/Prefabs/Apple.prefab
  artifactKey: Guid(a90ffa1befc33e4479cfb37fb5dece47) Importer(815301076,1909f56bfc062723c751e8b465ee728b)
Start importing Assets/Prefabs/Apple.prefab using Guid(a90ffa1befc33e4479cfb37fb5dece47) Importer(815301076,1909f56bfc062723c751e8b465ee728b)  -> (artifact id: 'f5f7fc37487006077755f182d44b2f88') in 0.401554 seconds 
========================================================================
Received Import Request.
  Time since last request: 0.000266 seconds.
  path: Assets/Prefabs/Fruit_Base.prefab
  artifactKey: Guid(25504251438a6c1458bc142c3170ac68) Importer(815301076,1909f56bfc062723c751e8b465ee728b)
Start importing Assets/Prefabs/Fruit_Base.prefab using Guid(25504251438a6c1458bc142c3170ac68) Importer(815301076,1909f56bfc062723c751e8b465ee728b)  -> (artifact id: 'f2c609af13171b48f93bcd54b40a7023') in 0.035243 seconds 
========================================================================
Received Import Request.
  Time since last request: 0.000232 seconds.
  path: Assets/Prefabs/Orange.prefab
  artifactKey: Guid(024483f068cf0b145911881e8958d511) Importer(815301076,1909f56bfc062723c751e8b465ee728b)
Start importing Assets/Prefabs/Orange.prefab using Guid(024483f068cf0b145911881e8958d511) Importer(815301076,1909f56bfc062723c751e8b465ee728b)  -> (artifact id: '57a032f296967ee89867b2b02cf0f6b1') in 0.029777 seconds 
========================================================================
Received Import Request.
  Time since last request: 0.000241 seconds.
  path: Assets/Prefabs/Kiwi.prefab
  artifactKey: Guid(6a28310721d8ca54086c5c300a663b94) Importer(815301076,1909f56bfc062723c751e8b465ee728b)
Start importing Assets/Prefabs/Kiwi.prefab using Guid(6a28310721d8ca54086c5c300a663b94) Importer(815301076,1909f56bfc062723c751e8b465ee728b)  -> (artifact id: 'f4fc1f571130bbbae9e825b5efaf8d97') in 0.020018 seconds 
========================================================================
Received Import Request.
  Time since last request: 0.000318 seconds.
  path: Assets/Prefabs/Lemon.prefab
  artifactKey: Guid(d5e3dc92758004c448ebb9c91d4562cd) Importer(815301076,1909f56bfc062723c751e8b465ee728b)
Start importing Assets/Prefabs/Lemon.prefab using Guid(d5e3dc92758004c448ebb9c91d4562cd) Importer(815301076,1909f56bfc062723c751e8b465ee728b)  -> (artifact id: '69503a09564c1a9364de6091c45f3bfe') in 0.034064 seconds 
========================================================================
Received Import Request.
  Time since last request: 0.000277 seconds.
  path: Assets/Prefabs/Bomb.prefab
  artifactKey: Guid(d99c48bb415f49e47980e58f71e639bb) Importer(815301076,1909f56bfc062723c751e8b465ee728b)
Start importing Assets/Prefabs/Bomb.prefab using Guid(d99c48bb415f49e47980e58f71e639bb) Importer(815301076,1909f56bfc062723c751e8b465ee728b)  -> (artifact id: '1b768b09e01c8827ff01ab0fa1292261') in 0.022384 seconds 
========================================================================
Received Import Request.
  Time since last request: 0.000249 seconds.
  path: Assets/Prefabs/Watermelon.prefab
  artifactKey: Guid(e80fcfc9f70e2c640a4d22775c8860de) Importer(815301076,1909f56bfc062723c751e8b465ee728b)
Start importing Assets/Prefabs/Watermelon.prefab using Guid(e80fcfc9f70e2c640a4d22775c8860de) Importer(815301076,1909f56bfc062723c751e8b465ee728b)  -> (artifact id: '1ae19ab08f7e1b28716ef8f5790779e2') in 0.047809 seconds 
========================================================================
Received Import Request.
  Time since last request: 522.300392 seconds.
  path: Assets/Prefabs/Apple.prefab
  artifactKey: Guid(a90ffa1befc33e4479cfb37fb5dece47) Importer(815301076,1909f56bfc062723c751e8b465ee728b)
Start importing Assets/Prefabs/Apple.prefab using Guid(a90ffa1befc33e4479cfb37fb5dece47) Importer(815301076,1909f56bfc062723c751e8b465ee728b)  -> (artifact id: 'a88bdc1940bd3909e1d3e73a436b8a5d') in 0.017456 seconds 
========================================================================
Received Import Request.
  Time since last request: 0.000257 seconds.
  path: Assets/Prefabs/Fruit_Base.prefab
  artifactKey: Guid(25504251438a6c1458bc142c3170ac68) Importer(815301076,1909f56bfc062723c751e8b465ee728b)
Start importing Assets/Prefabs/Fruit_Base.prefab using Guid(25504251438a6c1458bc142c3170ac68) Importer(815301076,1909f56bfc062723c751e8b465ee728b)  -> (artifact id: '2972bdd89573648b59689804b278aa06') in 0.013627 seconds 
========================================================================
Received Import Request.
  Time since last request: 0.000304 seconds.
  path: Assets/Prefabs/Orange.prefab
  artifactKey: Guid(024483f068cf0b145911881e8958d511) Importer(815301076,1909f56bfc062723c751e8b465ee728b)
Start importing Assets/Prefabs/Orange.prefab using Guid(024483f068cf0b145911881e8958d511) Importer(815301076,1909f56bfc062723c751e8b465ee728b)  -> (artifact id: '3a249f84c30d160c6406cf3ea7332907') in 0.022017 seconds 
========================================================================
Received Import Request.
  Time since last request: 0.000316 seconds.
  path: Assets/Prefabs/Kiwi.prefab
  artifactKey: Guid(6a28310721d8ca54086c5c300a663b94) Importer(815301076,1909f56bfc062723c751e8b465ee728b)
Start importing Assets/Prefabs/Kiwi.prefab using Guid(6a28310721d8ca54086c5c300a663b94) Importer(815301076,1909f56bfc062723c751e8b465ee728b)  -> (artifact id: '864b33d76c85d78ad325ac89d7630c33') in 0.024972 seconds 
========================================================================
Received Import Request.
  Time since last request: 0.000284 seconds.
  path: Assets/Prefabs/Lemon.prefab
  artifactKey: Guid(d5e3dc92758004c448ebb9c91d4562cd) Importer(815301076,1909f56bfc062723c751e8b465ee728b)
Start importing Assets/Prefabs/Lemon.prefab using Guid(d5e3dc92758004c448ebb9c91d4562cd) Importer(815301076,1909f56bfc062723c751e8b465ee728b)  -> (artifact id: '20d2e755dab143feeb00e4231e6ce2fb') in 0.026386 seconds 
========================================================================
Received Import Request.
  Time since last request: 0.000617 seconds.
  path: Assets/Prefabs/Watermelon.prefab
  artifactKey: Guid(e80fcfc9f70e2c640a4d22775c8860de) Importer(815301076,1909f56bfc062723c751e8b465ee728b)
Start importing Assets/Prefabs/Watermelon.prefab using Guid(e80fcfc9f70e2c640a4d22775c8860de) Importer(815301076,1909f56bfc062723c751e8b465ee728b)  -> (artifact id: '3e6217daf48e62dfc2b720d3859d0a3d') in 0.024965 seconds 
========================================================================
Received Import Request.
  Time since last request: 13.289902 seconds.
  path: Assets/Prefabs/Apple.prefab
  artifactKey: Guid(a90ffa1befc33e4479cfb37fb5dece47) Importer(815301076,1909f56bfc062723c751e8b465ee728b)
Start importing Assets/Prefabs/Apple.prefab using Guid(a90ffa1befc33e4479cfb37fb5dece47) Importer(815301076,1909f56bfc062723c751e8b465ee728b)  -> (artifact id: '145255f50df82144191d9ac069faeb91') in 0.023392 seconds 
========================================================================
Received Import Request.
  Time since last request: 0.000255 seconds.
  path: Assets/Prefabs/Fruit_Base.prefab
  artifactKey: Guid(25504251438a6c1458bc142c3170ac68) Importer(815301076,1909f56bfc062723c751e8b465ee728b)
Start importing Assets/Prefabs/Fruit_Base.prefab using Guid(25504251438a6c1458bc142c3170ac68) Importer(815301076,1909f56bfc062723c751e8b465ee728b)  -> (artifact id: '3d0e53e4c2261f6bf1839e7ea62cd6fd') in 0.028894 seconds 
========================================================================
Received Import Request.
  Time since last request: 0.000390 seconds.
  path: Assets/Prefabs/Orange.prefab
  artifactKey: Guid(024483f068cf0b145911881e8958d511) Importer(815301076,1909f56bfc062723c751e8b465ee728b)
Start importing Assets/Prefabs/Orange.prefab using Guid(024483f068cf0b145911881e8958d511) Importer(815301076,1909f56bfc062723c751e8b465ee728b)  -> (artifact id: '55d89be6012ea342e4186be21e3c3174') in 0.015278 seconds 
========================================================================
Received Import Request.
  Time since last request: 0.000264 seconds.
  path: Assets/Prefabs/Kiwi.prefab
  artifactKey: Guid(6a28310721d8ca54086c5c300a663b94) Importer(815301076,1909f56bfc062723c751e8b465ee728b)
Start importing Assets/Prefabs/Kiwi.prefab using Guid(6a28310721d8ca54086c5c300a663b94) Importer(815301076,1909f56bfc062723c751e8b465ee728b)  -> (artifact id: 'ab4a7765e820f66f91a6fc314787818e') in 0.013960 seconds 
========================================================================
Received Import Request.
  Time since last request: 0.000300 seconds.
  path: Assets/Prefabs/Lemon.prefab
  artifactKey: Guid(d5e3dc92758004c448ebb9c91d4562cd) Importer(815301076,1909f56bfc062723c751e8b465ee728b)
Start importing Assets/Prefabs/Lemon.prefab using Guid(d5e3dc92758004c448ebb9c91d4562cd) Importer(815301076,1909f56bfc062723c751e8b465ee728b)  -> (artifact id: '3c4994b7f0ab4d8c01d3b41456c90c37') in 0.013487 seconds 
========================================================================
Received Import Request.
  Time since last request: 0.000416 seconds.
  path: Assets/Prefabs/Watermelon.prefab
  artifactKey: Guid(e80fcfc9f70e2c640a4d22775c8860de) Importer(815301076,1909f56bfc062723c751e8b465ee728b)
Start importing Assets/Prefabs/Watermelon.prefab using Guid(e80fcfc9f70e2c640a4d22775c8860de) Importer(815301076,1909f56bfc062723c751e8b465ee728b)  -> (artifact id: '51b9c88716b7bdde251f57c940191ae0') in 0.014448 seconds 
========================================================================
Received Import Request.
  Time since last request: 17.756786 seconds.
  path: Assets/Prefabs/Apple.prefab
  artifactKey: Guid(a90ffa1befc33e4479cfb37fb5dece47) Importer(815301076,1909f56bfc062723c751e8b465ee728b)
Start importing Assets/Prefabs/Apple.prefab using Guid(a90ffa1befc33e4479cfb37fb5dece47) Importer(815301076,1909f56bfc062723c751e8b465ee728b)  -> (artifact id: '9840dff6d7b4cd1b21af6354c4ada006') in 0.017615 seconds 
========================================================================
Received Import Request.
  Time since last request: 0.000249 seconds.
  path: Assets/Prefabs/Fruit_Base.prefab
  artifactKey: Guid(25504251438a6c1458bc142c3170ac68) Importer(815301076,1909f56bfc062723c751e8b465ee728b)
Start importing Assets/Prefabs/Fruit_Base.prefab using Guid(25504251438a6c1458bc142c3170ac68) Importer(815301076,1909f56bfc062723c751e8b465ee728b)  -> (artifact id: '12ed268dbe2dfcd9154bb06c42103fc9') in 0.021924 seconds 
========================================================================
Received Import Request.
  Time since last request: 0.000295 seconds.
  path: Assets/Prefabs/Orange.prefab
  artifactKey: Guid(024483f068cf0b145911881e8958d511) Importer(815301076,1909f56bfc062723c751e8b465ee728b)
Start importing Assets/Prefabs/Orange.prefab using Guid(024483f068cf0b145911881e8958d511) Importer(815301076,1909f56bfc062723c751e8b465ee728b)  -> (artifact id: '3f913f67d956721c3dcf65c20e72617d') in 0.013105 seconds 
========================================================================
Received Import Request.
  Time since last request: 0.000313 seconds.
  path: Assets/Prefabs/Kiwi.prefab
  artifactKey: Guid(6a28310721d8ca54086c5c300a663b94) Importer(815301076,1909f56bfc062723c751e8b465ee728b)
Start importing Assets/Prefabs/Kiwi.prefab using Guid(6a28310721d8ca54086c5c300a663b94) Importer(815301076,1909f56bfc062723c751e8b465ee728b)  -> (artifact id: 'a6c2aea59b53f2c0abd9142bb5975130') in 0.024518 seconds 
========================================================================
Received Import Request.
  Time since last request: 0.000327 seconds.
  path: Assets/Prefabs/Lemon.prefab
  artifactKey: Guid(d5e3dc92758004c448ebb9c91d4562cd) Importer(815301076,1909f56bfc062723c751e8b465ee728b)
Start importing Assets/Prefabs/Lemon.prefab using Guid(d5e3dc92758004c448ebb9c91d4562cd) Importer(815301076,1909f56bfc062723c751e8b465ee728b)  -> (artifact id: 'd883af9ebb73903e1c58506f510f4f00') in 0.013562 seconds 
========================================================================
Received Import Request.
  Time since last request: 0.000344 seconds.
  path: Assets/Prefabs/Watermelon.prefab
  artifactKey: Guid(e80fcfc9f70e2c640a4d22775c8860de) Importer(815301076,1909f56bfc062723c751e8b465ee728b)
Start importing Assets/Prefabs/Watermelon.prefab using Guid(e80fcfc9f70e2c640a4d22775c8860de) Importer(815301076,1909f56bfc062723c751e8b465ee728b)  -> (artifact id: '36b9ded8537682174d61ed6fea0f60de') in 0.017899 seconds 
========================================================================
Received Import Request.
  Time since last request: 19.342471 seconds.
  path: Assets/Prefabs/Apple.prefab
  artifactKey: Guid(a90ffa1befc33e4479cfb37fb5dece47) Importer(815301076,1909f56bfc062723c751e8b465ee728b)
Start importing Assets/Prefabs/Apple.prefab using Guid(a90ffa1befc33e4479cfb37fb5dece47) Importer(815301076,1909f56bfc062723c751e8b465ee728b)  -> (artifact id: 'c50288d7ecae7ec5378ce08444acaee3') in 0.018312 seconds 
========================================================================
Received Import Request.
  Time since last request: 0.000275 seconds.
  path: Assets/Prefabs/Fruit_Base.prefab
  artifactKey: Guid(25504251438a6c1458bc142c3170ac68) Importer(815301076,1909f56bfc062723c751e8b465ee728b)
Start importing Assets/Prefabs/Fruit_Base.prefab using Guid(25504251438a6c1458bc142c3170ac68) Importer(815301076,1909f56bfc062723c751e8b465ee728b)  -> (artifact id: '62688f5818f2d71cb3a9b28ae40d1053') in 0.015709 seconds 
========================================================================
Received Import Request.
  Time since last request: 0.000261 seconds.
  path: Assets/Prefabs/Orange.prefab
  artifactKey: Guid(024483f068cf0b145911881e8958d511) Importer(815301076,1909f56bfc062723c751e8b465ee728b)
Start importing Assets/Prefabs/Orange.prefab using Guid(024483f068cf0b145911881e8958d511) Importer(815301076,1909f56bfc062723c751e8b465ee728b)  -> (artifact id: 'fdc6de17834da125b3fe3d939a1c46ca') in 0.018686 seconds 
========================================================================
Received Import Request.
  Time since last request: 0.000327 seconds.
  path: Assets/Prefabs/Kiwi.prefab
  artifactKey: Guid(6a28310721d8ca54086c5c300a663b94) Importer(815301076,1909f56bfc062723c751e8b465ee728b)
Start importing Assets/Prefabs/Kiwi.prefab using Guid(6a28310721d8ca54086c5c300a663b94) Importer(815301076,1909f56bfc062723c751e8b465ee728b)  -> (artifact id: '2b2a59afe99ec5468c63b02bd7231995') in 0.014703 seconds 
========================================================================
Received Import Request.
  Time since last request: 0.000278 seconds.
  path: Assets/Prefabs/Lemon.prefab
  artifactKey: Guid(d5e3dc92758004c448ebb9c91d4562cd) Importer(815301076,1909f56bfc062723c751e8b465ee728b)
Start importing Assets/Prefabs/Lemon.prefab using Guid(d5e3dc92758004c448ebb9c91d4562cd) Importer(815301076,1909f56bfc062723c751e8b465ee728b)  -> (artifact id: '5a3527af45ee959c4b239ca249b80f2f') in 0.016827 seconds 
========================================================================
Received Import Request.
  Time since last request: 0.000350 seconds.
  path: Assets/Prefabs/Watermelon.prefab
  artifactKey: Guid(e80fcfc9f70e2c640a4d22775c8860de) Importer(815301076,1909f56bfc062723c751e8b465ee728b)
Start importing Assets/Prefabs/Watermelon.prefab using Guid(e80fcfc9f70e2c640a4d22775c8860de) Importer(815301076,1909f56bfc062723c751e8b465ee728b)  -> (artifact id: '073e1b8390501a272321652f55b18ce0') in 0.019116 seconds 
========================================================================
Received Import Request.
  Time since last request: 203.856810 seconds.
  path: Assets/Textures/17bced76-ade5-4953-a02b-d01356cca986.png
  artifactKey: Guid(11bfd0eafa9e1a24d9380ef917c2fa9d) Importer(815301076,1909f56bfc062723c751e8b465ee728b)
Start importing Assets/Textures/17bced76-ade5-4953-a02b-d01356cca986.png using Guid(11bfd0eafa9e1a24d9380ef917c2fa9d) Importer(815301076,1909f56bfc062723c751e8b465ee728b)  -> (artifact id: '999910e6435ed86204337f64f621854c') in 0.030866 seconds 
========================================================================
Received Import Request.
  Time since last request: 104.813205 seconds.
  path: Assets/Textures/17bced76-ade5-4953-a02b-d01356cca986.png
  artifactKey: Guid(11bfd0eafa9e1a24d9380ef917c2fa9d) Importer(815301076,1909f56bfc062723c751e8b465ee728b)
Start importing Assets/Textures/17bced76-ade5-4953-a02b-d01356cca986.png using Guid(11bfd0eafa9e1a24d9380ef917c2fa9d) Importer(815301076,1909f56bfc062723c751e8b465ee728b)  -> (artifact id: '59c2169cd6eaa57f962d5b8bac842cf9') in 0.019035 seconds 
========================================================================
Received Import Request.
  Time since last request: 87.890377 seconds.
  path: Assets/Materials/Wood.mat
  artifactKey: Guid(a3220b0efc681ca4ca31201b3a6ec487) Importer(815301076,1909f56bfc062723c751e8b465ee728b)
Start importing Assets/Materials/Wood.mat using Guid(a3220b0efc681ca4ca31201b3a6ec487) Importer(815301076,1909f56bfc062723c751e8b465ee728b)  -> (artifact id: 'bf828ef551950e625f57f85fb2463894') in 0.248507 seconds 
========================================================================
Received Import Request.
  Time since last request: 0.717194 seconds.
  path: Assets/Materials/Watermelon_Inside.mat
  artifactKey: Guid(ab4bead6eb712bc45acee70c9dd4c2c6) Importer(815301076,1909f56bfc062723c751e8b465ee728b)
Start importing Assets/Materials/Watermelon_Inside.mat using Guid(ab4bead6eb712bc45acee70c9dd4c2c6) Importer(815301076,1909f56bfc062723c751e8b465ee728b)  -> (artifact id: '76dbaef1b693b46c9eb03ae399a17cdd') in 0.010578 seconds 
========================================================================
Received Import Request.
  Time since last request: 0.000282 seconds.
  path: Assets/Materials/Watermelon_Outside.mat
  artifactKey: Guid(287057919f5f9e34ea00712865d26b1d) Importer(815301076,1909f56bfc062723c751e8b465ee728b)
Start importing Assets/Materials/Watermelon_Outside.mat using Guid(287057919f5f9e34ea00712865d26b1d) Importer(815301076,1909f56bfc062723c751e8b465ee728b)  -> (artifact id: '531206b0314b0081618831a6fae12084') in 0.018313 seconds 
========================================================================
Received Import Request.
  Time since last request: 0.018100 seconds.
  path: Assets/Materials/Orange_Outside.mat
  artifactKey: Guid(f632f4e07ddd5a743b8bcff01bb45cb7) Importer(815301076,1909f56bfc062723c751e8b465ee728b)
Start importing Assets/Materials/Orange_Outside.mat using Guid(f632f4e07ddd5a743b8bcff01bb45cb7) Importer(815301076,1909f56bfc062723c751e8b465ee728b)  -> (artifact id: 'db55d019b988a73c1589f82c60d6b14c') in 0.010960 seconds 
========================================================================
Received Import Request.
  Time since last request: 0.000222 seconds.
  path: Assets/Models/Fruit_Sliced.fbx
  artifactKey: Guid(d9a8c81ddca4f2f4eb40598c95c1b369) Importer(815301076,1909f56bfc062723c751e8b465ee728b)
Start importing Assets/Models/Fruit_Sliced.fbx using Guid(d9a8c81ddca4f2f4eb40598c95c1b369) Importer(815301076,1909f56bfc062723c751e8b465ee728b)  -> (artifact id: '33fd9e71eafc4fd7134d4e65eb84c4e0') in 0.107570 seconds 
========================================================================
Received Import Request.
  Time since last request: 0.739715 seconds.
  path: Assets/Materials/Lemon_Outside.mat
  artifactKey: Guid(caf01cd79a66c054ab093d537fdc6ff0) Importer(815301076,1909f56bfc062723c751e8b465ee728b)
Start importing Assets/Materials/Lemon_Outside.mat using Guid(caf01cd79a66c054ab093d537fdc6ff0) Importer(815301076,1909f56bfc062723c751e8b465ee728b)  -> (artifact id: '8d7bf17e93bf30bd9113e30efde6b36f') in 0.011014 seconds 
========================================================================
Received Import Request.
  Time since last request: 0.000236 seconds.
  path: Assets/Materials/Orange_Inside.mat
  artifactKey: Guid(6ce6c38c4564c9f4b8beebe49a2cafbd) Importer(815301076,1909f56bfc062723c751e8b465ee728b)
Start importing Assets/Materials/Orange_Inside.mat using Guid(6ce6c38c4564c9f4b8beebe49a2cafbd) Importer(815301076,1909f56bfc062723c751e8b465ee728b)  -> (artifact id: 'e6f30a44b76d9ec743c9d4ce7bd4d0a7') in 0.016152 seconds 
========================================================================
Received Import Request.
  Time since last request: 0.017874 seconds.
  path: Assets/Materials/Kiwi_Outside.mat
  artifactKey: Guid(8e50694855f8bc948a4d139463a681f5) Importer(815301076,1909f56bfc062723c751e8b465ee728b)
Start importing Assets/Materials/Kiwi_Outside.mat using Guid(8e50694855f8bc948a4d139463a681f5) Importer(815301076,1909f56bfc062723c751e8b465ee728b)  -> (artifact id: '0e83d9d15e57a4bfbc788fa3efd2786c') in 0.009735 seconds 
========================================================================
Received Import Request.
  Time since last request: 0.000319 seconds.
  path: Assets/Materials/Lemon_Inside.mat
  artifactKey: Guid(3c5fb0a73d2a2de4fa1ac35514b96d10) Importer(815301076,1909f56bfc062723c751e8b465ee728b)
Start importing Assets/Materials/Lemon_Inside.mat using Guid(3c5fb0a73d2a2de4fa1ac35514b96d10) Importer(815301076,1909f56bfc062723c751e8b465ee728b)  -> (artifact id: '0a24a28f120cf9b4fe96d9eb2b2541eb') in 0.010585 seconds 
========================================================================
Received Import Request.
  Time since last request: 0.415573 seconds.
  path: Assets/Materials/Kiwi_Inside.mat
  artifactKey: Guid(00e90ea53976cd247b7059f99d5fdc9f) Importer(815301076,1909f56bfc062723c751e8b465ee728b)
Start importing Assets/Materials/Kiwi_Inside.mat using Guid(00e90ea53976cd247b7059f99d5fdc9f) Importer(815301076,1909f56bfc062723c751e8b465ee728b)  -> (artifact id: 'a625e7d6363843157afa3a503e9f4aaa') in 0.010167 seconds 
========================================================================
Received Import Request.
  Time since last request: 0.017997 seconds.
  path: Assets/Materials/BombWick.mat
  artifactKey: Guid(fcd332537d292144885965d6cf711959) Importer(815301076,1909f56bfc062723c751e8b465ee728b)
Start importing Assets/Materials/BombWick.mat using Guid(fcd332537d292144885965d6cf711959) Importer(815301076,1909f56bfc062723c751e8b465ee728b)  -> (artifact id: 'e798dc01cb103d5dc020b8c9b9249394') in 0.008265 seconds 
========================================================================
Received Import Request.
  Time since last request: 0.000565 seconds.
  path: Assets/Fonts/go3v2.ttf
  artifactKey: Guid(9f3e8894fcc6f4f4b8f5c56877769e91) Importer(815301076,1909f56bfc062723c751e8b465ee728b)
Start importing Assets/Fonts/go3v2.ttf using Guid(9f3e8894fcc6f4f4b8f5c56877769e91) Importer(815301076,1909f56bfc062723c751e8b465ee728b)  -> (artifact id: '4c688cbb1dbf535bc2b126ce9c1b26e9') in 0.036675 seconds 
========================================================================
Received Import Request.
  Time since last request: 0.031909 seconds.
  path: Assets/Materials/Apple_Outside.mat
  artifactKey: Guid(9e0945cdbd99c8644a182b3fcacd7823) Importer(815301076,1909f56bfc062723c751e8b465ee728b)
Start importing Assets/Materials/Apple_Outside.mat using Guid(9e0945cdbd99c8644a182b3fcacd7823) Importer(815301076,1909f56bfc062723c751e8b465ee728b)  -> (artifact id: 'eb6f26fd7d830774ba497f99670ebe15') in 0.008848 seconds 
========================================================================
Received Import Request.
  Time since last request: 0.000255 seconds.
  path: Assets/Materials/Bomb.mat
  artifactKey: Guid(8236b72fea734c14ab5d67d4de95bf16) Importer(815301076,1909f56bfc062723c751e8b465ee728b)
Start importing Assets/Materials/Bomb.mat using Guid(8236b72fea734c14ab5d67d4de95bf16) Importer(815301076,1909f56bfc062723c751e8b465ee728b)  -> (artifact id: '6c9afe8a09b52fede084f8e370d08bce') in 0.009180 seconds 
========================================================================
Received Import Request.
  Time since last request: 0.484804 seconds.
  path: Assets/Materials/Apple_Inside.mat
  artifactKey: Guid(eca68f85421849649b89191d399497b0) Importer(815301076,1909f56bfc062723c751e8b465ee728b)
Start importing Assets/Materials/Apple_Inside.mat using Guid(eca68f85421849649b89191d399497b0) Importer(815301076,1909f56bfc062723c751e8b465ee728b)  -> (artifact id: 'ac973df4a4266d93f662410bfbc3583a') in 0.008561 seconds 
========================================================================
Received Import Request.
  Time since last request: 9.191368 seconds.
  path: Assets/Materials
  artifactKey: Guid(31a75e7561ce94c46af2494a992ef5b6) Importer(815301076,1909f56bfc062723c751e8b465ee728b)
Start importing Assets/Materials using Guid(31a75e7561ce94c46af2494a992ef5b6) Importer(815301076,1909f56bfc062723c751e8b465ee728b)  -> (artifact id: '4dd573338a44386e50a8bef6fbeb35b9') in 0.003414 seconds 
========================================================================
Received Import Request.
  Time since last request: 446.848471 seconds.
  path: Assets/Prefabs/Apple.prefab
  artifactKey: Guid(a90ffa1befc33e4479cfb37fb5dece47) Importer(815301076,1909f56bfc062723c751e8b465ee728b)
Start importing Assets/Prefabs/Apple.prefab using Guid(a90ffa1befc33e4479cfb37fb5dece47) Importer(815301076,1909f56bfc062723c751e8b465ee728b)  -> (artifact id: '61692e2cd54eb7b61f2a3cb6a6270f90') in 0.027808 seconds 
========================================================================
Received Import Request.
  Time since last request: 0.000284 seconds.
  path: Assets/Prefabs/Fruit_Base.prefab
  artifactKey: Guid(25504251438a6c1458bc142c3170ac68) Importer(815301076,1909f56bfc062723c751e8b465ee728b)
Start importing Assets/Prefabs/Fruit_Base.prefab using Guid(25504251438a6c1458bc142c3170ac68) Importer(815301076,1909f56bfc062723c751e8b465ee728b)  -> (artifact id: '455cda7b948f23de0473d6f06d0d9184') in 0.029391 seconds 
========================================================================
Received Import Request.
  Time since last request: 0.000240 seconds.
  path: Assets/Prefabs/Orange.prefab
  artifactKey: Guid(024483f068cf0b145911881e8958d511) Importer(815301076,1909f56bfc062723c751e8b465ee728b)
Start importing Assets/Prefabs/Orange.prefab using Guid(024483f068cf0b145911881e8958d511) Importer(815301076,1909f56bfc062723c751e8b465ee728b)  -> (artifact id: '2cce035715dd2a9badf89c26de88001c') in 0.019250 seconds 
========================================================================
Received Import Request.
  Time since last request: 0.000279 seconds.
  path: Assets/Prefabs/Kiwi.prefab
  artifactKey: Guid(6a28310721d8ca54086c5c300a663b94) Importer(815301076,1909f56bfc062723c751e8b465ee728b)
Start importing Assets/Prefabs/Kiwi.prefab using Guid(6a28310721d8ca54086c5c300a663b94) Importer(815301076,1909f56bfc062723c751e8b465ee728b)  -> (artifact id: '3f050585fe8914139125be75bb26ac63') in 0.015662 seconds 
========================================================================
Received Import Request.
  Time since last request: 0.000240 seconds.
  path: Assets/Prefabs/Lemon.prefab
  artifactKey: Guid(d5e3dc92758004c448ebb9c91d4562cd) Importer(815301076,1909f56bfc062723c751e8b465ee728b)
Start importing Assets/Prefabs/Lemon.prefab using Guid(d5e3dc92758004c448ebb9c91d4562cd) Importer(815301076,1909f56bfc062723c751e8b465ee728b)  -> (artifact id: '98a2b5387c3cc984a3dd64133835b1e6') in 0.018063 seconds 
========================================================================
Received Import Request.
  Time since last request: 0.000254 seconds.
  path: Assets/Prefabs/Watermelon.prefab
  artifactKey: Guid(e80fcfc9f70e2c640a4d22775c8860de) Importer(815301076,1909f56bfc062723c751e8b465ee728b)
Start importing Assets/Prefabs/Watermelon.prefab using Guid(e80fcfc9f70e2c640a4d22775c8860de) Importer(815301076,1909f56bfc062723c751e8b465ee728b)  -> (artifact id: '65db290608e7a6a58de150c4a8491695') in 0.016170 seconds 
========================================================================
Received Import Request.
  Time since last request: 323.592708 seconds.
  path: Assets/Textures/72c3dc18-0d39-49de-9b54-72fecf14eea4.png
  artifactKey: Guid(3327ea0925255864c8a8178833705924) Importer(815301076,1909f56bfc062723c751e8b465ee728b)
Start importing Assets/Textures/72c3dc18-0d39-49de-9b54-72fecf14eea4.png using Guid(3327ea0925255864c8a8178833705924) Importer(815301076,1909f56bfc062723c751e8b465ee728b)  -> (artifact id: '4fc141978793576b74a5c908da8f8cf4') in 0.020487 seconds 
========================================================================
Received Import Request.
  Time since last request: 14.813868 seconds.
  path: Assets/Textures/72c3dc18-0d39-49de-9b54-72fecf14eea4.png
  artifactKey: Guid(3327ea0925255864c8a8178833705924) Importer(815301076,1909f56bfc062723c751e8b465ee728b)
Start importing Assets/Textures/72c3dc18-0d39-49de-9b54-72fecf14eea4.png using Guid(3327ea0925255864c8a8178833705924) Importer(815301076,1909f56bfc062723c751e8b465ee728b)  -> (artifact id: '7e1dabe904d3889e74c5dc63a5ea697c') in 0.025346 seconds 
========================================================================
Received Import Request.
  Time since last request: 14.245363 seconds.
  path: Assets/Prefabs
  artifactKey: Guid(152c6d1d95d8e0942b4bfc82efe7543f) Importer(815301076,1909f56bfc062723c751e8b465ee728b)
Start importing Assets/Prefabs using Guid(152c6d1d95d8e0942b4bfc82efe7543f) Importer(815301076,1909f56bfc062723c751e8b465ee728b)  -> (artifact id: '4f69c68a8f7ce7e37b1e2501a016953f') in 0.004696 seconds 
========================================================================
Received Import Request.
  Time since last request: 31.836962 seconds.
  path: Assets/Prefabs/Kiwi.prefab
  artifactKey: Guid(6a28310721d8ca54086c5c300a663b94) Importer(815301076,1909f56bfc062723c751e8b465ee728b)
Start importing Assets/Prefabs/Kiwi.prefab using Guid(6a28310721d8ca54086c5c300a663b94) Importer(815301076,1909f56bfc062723c751e8b465ee728b)  -> (artifact id: '164d48d47b5a2ff35c0e77a8929d3a27') in 0.022666 seconds 
========================================================================
Received Import Request.
  Time since last request: 0.000284 seconds.
  path: Assets/Prefabs/包子.prefab
  artifactKey: Guid(25504251438a6c1458bc142c3170ac68) Importer(815301076,1909f56bfc062723c751e8b465ee728b)
Start importing Assets/Prefabs/包子.prefab using Guid(25504251438a6c1458bc142c3170ac68) Importer(815301076,1909f56bfc062723c751e8b465ee728b)  -> (artifact id: 'cd00473500bd673b432eacd62990cf41') in 0.020413 seconds 
========================================================================
Received Import Request.
  Time since last request: 0.000266 seconds.
  path: Assets/Prefabs/Orange.prefab
  artifactKey: Guid(024483f068cf0b145911881e8958d511) Importer(815301076,1909f56bfc062723c751e8b465ee728b)
Start importing Assets/Prefabs/Orange.prefab using Guid(024483f068cf0b145911881e8958d511) Importer(815301076,1909f56bfc062723c751e8b465ee728b)  -> (artifact id: '4f5f9616767eb4e6f03b0fedb42a7ea5') in 0.028034 seconds 
========================================================================
Received Import Request.
  Time since last request: 0.000353 seconds.
  path: Assets/Prefabs/Lemon.prefab
  artifactKey: Guid(d5e3dc92758004c448ebb9c91d4562cd) Importer(815301076,1909f56bfc062723c751e8b465ee728b)
Start importing Assets/Prefabs/Lemon.prefab using Guid(d5e3dc92758004c448ebb9c91d4562cd) Importer(815301076,1909f56bfc062723c751e8b465ee728b)  -> (artifact id: '01dc53c1296f3279422c38881e66fc85') in 0.032018 seconds 
========================================================================
Received Import Request.
  Time since last request: 0.000248 seconds.
  path: Assets/Prefabs/Watermelon.prefab
  artifactKey: Guid(e80fcfc9f70e2c640a4d22775c8860de) Importer(815301076,1909f56bfc062723c751e8b465ee728b)
Start importing Assets/Prefabs/Watermelon.prefab using Guid(e80fcfc9f70e2c640a4d22775c8860de) Importer(815301076,1909f56bfc062723c751e8b465ee728b)  -> (artifact id: 'baf6e7dd969217e2d31bd525c9cd6a04') in 0.020858 seconds 
========================================================================
Received Import Request.
  Time since last request: 18.112434 seconds.
  path: Assets/Prefabs/Kiwi.prefab
  artifactKey: Guid(6a28310721d8ca54086c5c300a663b94) Importer(815301076,1909f56bfc062723c751e8b465ee728b)
Start importing Assets/Prefabs/Kiwi.prefab using Guid(6a28310721d8ca54086c5c300a663b94) Importer(815301076,1909f56bfc062723c751e8b465ee728b)  -> (artifact id: 'b4c43896f031486deaa76b09c301c298') in 0.023361 seconds 
========================================================================
Received Import Request.
  Time since last request: 36.623520 seconds.
  path: Assets/Textures/72c3dc18-0d39-49de-9b54-72fecf14eea4.png
  artifactKey: Guid(3327ea0925255864c8a8178833705924) Importer(815301076,1909f56bfc062723c751e8b465ee728b)
Start importing Assets/Textures/72c3dc18-0d39-49de-9b54-72fecf14eea4.png using Guid(3327ea0925255864c8a8178833705924) Importer(815301076,1909f56bfc062723c751e8b465ee728b)  -> (artifact id: 'e173377fb152363a1ccedab239b9934e') in 0.019846 seconds 
========================================================================
Received Import Request.
  Time since last request: 1.932810 seconds.
  path: Assets/Prefabs/Kiwi.prefab
  artifactKey: Guid(6a28310721d8ca54086c5c300a663b94) Importer(815301076,1909f56bfc062723c751e8b465ee728b)
Start importing Assets/Prefabs/Kiwi.prefab using Guid(6a28310721d8ca54086c5c300a663b94) Importer(815301076,1909f56bfc062723c751e8b465ee728b)  -> (artifact id: '06ac69efcd7348fc7e0914bb13bd68a6') in 0.015265 seconds 
========================================================================
Received Import Request.
  Time since last request: 22.487307 seconds.
  path: Assets/Prefabs/Kiwi.prefab
  artifactKey: Guid(6a28310721d8ca54086c5c300a663b94) Importer(815301076,1909f56bfc062723c751e8b465ee728b)
Start importing Assets/Prefabs/Kiwi.prefab using Guid(6a28310721d8ca54086c5c300a663b94) Importer(815301076,1909f56bfc062723c751e8b465ee728b)  -> (artifact id: 'aa86486050f23862bca959e22342c2e4') in 0.026138 seconds 
========================================================================
Received Import Request.
  Time since last request: 11.030389 seconds.
  path: Assets/Prefabs/饺子.prefab
  artifactKey: Guid(6a28310721d8ca54086c5c300a663b94) Importer(815301076,1909f56bfc062723c751e8b465ee728b)
Start importing Assets/Prefabs/饺子.prefab using Guid(6a28310721d8ca54086c5c300a663b94) Importer(815301076,1909f56bfc062723c751e8b465ee728b)  -> (artifact id: 'fed1727e8ce1c9c750c33bb9e8fdac19') in 0.029979 seconds 
========================================================================
Received Import Request.
  Time since last request: 107.249117 seconds.
  path: Assets/Textures/e3b0b71f-e486-486f-a858-85ac5b91b9ff.png
  artifactKey: Guid(b8198f278b86d124caf25405c57d363b) Importer(815301076,1909f56bfc062723c751e8b465ee728b)
Start importing Assets/Textures/e3b0b71f-e486-486f-a858-85ac5b91b9ff.png using Guid(b8198f278b86d124caf25405c57d363b) Importer(815301076,1909f56bfc062723c751e8b465ee728b)  -> (artifact id: 'd7af1a5bc3df6664814347ee4619e61a') in 0.015702 seconds 
========================================================================
Received Import Request.
  Time since last request: 12.396529 seconds.
  path: Assets/Textures/e3b0b71f-e486-486f-a858-85ac5b91b9ff.png
  artifactKey: Guid(b8198f278b86d124caf25405c57d363b) Importer(815301076,1909f56bfc062723c751e8b465ee728b)
Start importing Assets/Textures/e3b0b71f-e486-486f-a858-85ac5b91b9ff.png using Guid(b8198f278b86d124caf25405c57d363b) Importer(815301076,1909f56bfc062723c751e8b465ee728b)  -> (artifact id: '2f1fbfa0655b772ad39b3d9fd6e2f714') in 0.027338 seconds 
========================================================================
Received Import Request.
  Time since last request: 6.151393 seconds.
  path: Assets/Textures/e3b0b71f-e486-486f-a858-85ac5b91b9ff.png
  artifactKey: Guid(b8198f278b86d124caf25405c57d363b) Importer(815301076,1909f56bfc062723c751e8b465ee728b)
Start importing Assets/Textures/e3b0b71f-e486-486f-a858-85ac5b91b9ff.png using Guid(b8198f278b86d124caf25405c57d363b) Importer(815301076,1909f56bfc062723c751e8b465ee728b)  -> (artifact id: '1c75d23c9dd40ab3d543fe42f49e0dba') in 0.024609 seconds 
========================================================================
Received Import Request.
  Time since last request: 19.277050 seconds.
  path: Assets/Prefabs/糖葫芦.prefab
  artifactKey: Guid(d5e3dc92758004c448ebb9c91d4562cd) Importer(815301076,1909f56bfc062723c751e8b465ee728b)
Start importing Assets/Prefabs/糖葫芦.prefab using Guid(d5e3dc92758004c448ebb9c91d4562cd) Importer(815301076,1909f56bfc062723c751e8b465ee728b)  -> (artifact id: '69e186ab172306f62e42d23f9f060d09') in 0.023356 seconds 
========================================================================
Received Import Request.
  Time since last request: 10.189901 seconds.
  path: Assets/Prefabs/Lemon.prefab
  artifactKey: Guid(d5e3dc92758004c448ebb9c91d4562cd) Importer(815301076,1909f56bfc062723c751e8b465ee728b)
Start importing Assets/Prefabs/Lemon.prefab using Guid(d5e3dc92758004c448ebb9c91d4562cd) Importer(815301076,1909f56bfc062723c751e8b465ee728b)  -> (artifact id: 'ac4e57687bd9f09c84441047e38a7f4c') in 0.020509 seconds 
========================================================================
Received Import Request.
  Time since last request: 4.061434 seconds.
  path: Assets/Prefabs/Lemon.prefab
  artifactKey: Guid(d5e3dc92758004c448ebb9c91d4562cd) Importer(815301076,1909f56bfc062723c751e8b465ee728b)
Start importing Assets/Prefabs/Lemon.prefab using Guid(d5e3dc92758004c448ebb9c91d4562cd) Importer(815301076,1909f56bfc062723c751e8b465ee728b)  -> (artifact id: 'fcee05f24fe5620a9b1de42864b32ff1') in 0.019931 seconds 
========================================================================
Received Import Request.
  Time since last request: 9.670865 seconds.
  path: Assets/Prefabs/Lemon.prefab
  artifactKey: Guid(d5e3dc92758004c448ebb9c91d4562cd) Importer(815301076,1909f56bfc062723c751e8b465ee728b)
Start importing Assets/Prefabs/Lemon.prefab using Guid(d5e3dc92758004c448ebb9c91d4562cd) Importer(815301076,1909f56bfc062723c751e8b465ee728b)  -> (artifact id: '4dce1df89a57bdb29f65603960f59832') in 0.022406 seconds 
========================================================================
Received Import Request.
  Time since last request: 19.376112 seconds.
  path: Assets/Prefabs/糖葫芦.prefab
  artifactKey: Guid(d5e3dc92758004c448ebb9c91d4562cd) Importer(815301076,1909f56bfc062723c751e8b465ee728b)
Start importing Assets/Prefabs/糖葫芦.prefab using Guid(d5e3dc92758004c448ebb9c91d4562cd) Importer(815301076,1909f56bfc062723c751e8b465ee728b)  -> (artifact id: '3301eb9f3fc8823cd2db6e4dc47e3abe') in 0.017499 seconds 
========================================================================
Received Import Request.
  Time since last request: 320.468286 seconds.
  path: Assets/Textures/f1792dcf-10ea-4637-a5b9-89a51ceff88b.png
  artifactKey: Guid(d3bd11495ae64874196d6b1aa03c4b20) Importer(815301076,1909f56bfc062723c751e8b465ee728b)
Start importing Assets/Textures/f1792dcf-10ea-4637-a5b9-89a51ceff88b.png using Guid(d3bd11495ae64874196d6b1aa03c4b20) Importer(815301076,1909f56bfc062723c751e8b465ee728b)  -> (artifact id: '7ce38705fca306c6f8f7bec1f785ae82') in 0.015476 seconds 
========================================================================
Received Import Request.
  Time since last request: 18.580080 seconds.
  path: Assets/Textures/f1792dcf-10ea-4637-a5b9-89a51ceff88b.png
  artifactKey: Guid(d3bd11495ae64874196d6b1aa03c4b20) Importer(815301076,1909f56bfc062723c751e8b465ee728b)
Start importing Assets/Textures/f1792dcf-10ea-4637-a5b9-89a51ceff88b.png using Guid(d3bd11495ae64874196d6b1aa03c4b20) Importer(815301076,1909f56bfc062723c751e8b465ee728b)  -> (artifact id: '7fb078db7a40a991b1fefaed863c98c2') in 0.020604 seconds 
========================================================================
Received Import Request.
  Time since last request: 24.818390 seconds.
  path: Assets/Prefabs/糖葫芦.prefab
  artifactKey: Guid(d5e3dc92758004c448ebb9c91d4562cd) Importer(815301076,1909f56bfc062723c751e8b465ee728b)
Start importing Assets/Prefabs/糖葫芦.prefab using Guid(d5e3dc92758004c448ebb9c91d4562cd) Importer(815301076,1909f56bfc062723c751e8b465ee728b)  -> (artifact id: '5a9389b1723e4defb43cde534fc4b716') in 0.031260 seconds 
========================================================================
Received Import Request.
  Time since last request: 2.841824 seconds.
  path: Assets/Prefabs/糖葫芦.prefab
  artifactKey: Guid(d5e3dc92758004c448ebb9c91d4562cd) Importer(815301076,1909f56bfc062723c751e8b465ee728b)
Start importing Assets/Prefabs/糖葫芦.prefab using Guid(d5e3dc92758004c448ebb9c91d4562cd) Importer(815301076,1909f56bfc062723c751e8b465ee728b)  -> (artifact id: '7580449d6d3f63f938d28374c36df353') in 0.029870 seconds 
========================================================================
Received Import Request.
  Time since last request: 10.306035 seconds.
  path: Assets/Prefabs/Orange.prefab
  artifactKey: Guid(024483f068cf0b145911881e8958d511) Importer(815301076,1909f56bfc062723c751e8b465ee728b)
Start importing Assets/Prefabs/Orange.prefab using Guid(024483f068cf0b145911881e8958d511) Importer(815301076,1909f56bfc062723c751e8b465ee728b)  -> (artifact id: 'fc7e3bb2fcd958f81cbb2f5c49b06c38') in 0.025263 seconds 
========================================================================
Received Import Request.
  Time since last request: 4.608901 seconds.
  path: Assets/Prefabs/Orange.prefab
  artifactKey: Guid(024483f068cf0b145911881e8958d511) Importer(815301076,1909f56bfc062723c751e8b465ee728b)
Start importing Assets/Prefabs/Orange.prefab using Guid(024483f068cf0b145911881e8958d511) Importer(815301076,1909f56bfc062723c751e8b465ee728b)  -> (artifact id: 'e0bfb09aa18cbb41ce89ee1654f20257') in 0.021665 seconds 
========================================================================
Received Import Request.
  Time since last request: 37.564663 seconds.
  path: Assets/Prefabs/Orange.prefab
  artifactKey: Guid(024483f068cf0b145911881e8958d511) Importer(815301076,1909f56bfc062723c751e8b465ee728b)
Start importing Assets/Prefabs/Orange.prefab using Guid(024483f068cf0b145911881e8958d511) Importer(815301076,1909f56bfc062723c751e8b465ee728b)  -> (artifact id: '424b99e89b3c9162721f998d8f6d898c') in 0.019668 seconds 
========================================================================
Received Import Request.
  Time since last request: 97.910959 seconds.
  path: Assets/Prefabs/Orange.prefab
  artifactKey: Guid(024483f068cf0b145911881e8958d511) Importer(815301076,1909f56bfc062723c751e8b465ee728b)
Start importing Assets/Prefabs/Orange.prefab using Guid(024483f068cf0b145911881e8958d511) Importer(815301076,1909f56bfc062723c751e8b465ee728b)  -> (artifact id: '9da32ae03f7799a1dee1de06278ff2a2') in 0.024318 seconds 
========================================================================
Received Import Request.
  Time since last request: 102.311100 seconds.
  path: Assets/Prefabs/Orange.prefab
  artifactKey: Guid(024483f068cf0b145911881e8958d511) Importer(815301076,1909f56bfc062723c751e8b465ee728b)
Start importing Assets/Prefabs/Orange.prefab using Guid(024483f068cf0b145911881e8958d511) Importer(815301076,1909f56bfc062723c751e8b465ee728b)  -> (artifact id: 'd0bd756b330727e5d16a446c87b0920a') in 0.018077 seconds 
========================================================================
Received Import Request.
  Time since last request: 51.243382 seconds.
  path: Assets/Prefabs/Orange.prefab
  artifactKey: Guid(024483f068cf0b145911881e8958d511) Importer(815301076,1909f56bfc062723c751e8b465ee728b)
Start importing Assets/Prefabs/Orange.prefab using Guid(024483f068cf0b145911881e8958d511) Importer(815301076,1909f56bfc062723c751e8b465ee728b)  -> (artifact id: '1f18d15d28a6b978ae58b658233878a1') in 0.019663 seconds 
========================================================================
Received Import Request.
  Time since last request: 12.829449 seconds.
  path: Assets/Prefabs/Orange.prefab
  artifactKey: Guid(024483f068cf0b145911881e8958d511) Importer(815301076,1909f56bfc062723c751e8b465ee728b)
Start importing Assets/Prefabs/Orange.prefab using Guid(024483f068cf0b145911881e8958d511) Importer(815301076,1909f56bfc062723c751e8b465ee728b)  -> (artifact id: '74ee80083c3cd064ebf295184535ddca') in 0.023862 seconds 
========================================================================
Received Import Request.
  Time since last request: 43.228723 seconds.
  path: Assets/Prefabs/Orange.prefab
  artifactKey: Guid(024483f068cf0b145911881e8958d511) Importer(815301076,1909f56bfc062723c751e8b465ee728b)
Start importing Assets/Prefabs/Orange.prefab using Guid(024483f068cf0b145911881e8958d511) Importer(815301076,1909f56bfc062723c751e8b465ee728b)  -> (artifact id: 'e1fc246cc472178e5f11004a0b519df6') in 0.023194 seconds 
========================================================================
Received Import Request.
  Time since last request: 31.001489 seconds.
  path: Assets/Prefabs/Lemon.prefab
  artifactKey: Guid(d5e3dc92758004c448ebb9c91d4562cd) Importer(815301076,1909f56bfc062723c751e8b465ee728b)
Start importing Assets/Prefabs/Lemon.prefab using Guid(d5e3dc92758004c448ebb9c91d4562cd) Importer(815301076,1909f56bfc062723c751e8b465ee728b)  -> (artifact id: '2fc4c421a5a67fc617fa667cd4ed4847') in 0.026228 seconds 
========================================================================
Received Import Request.
  Time since last request: 54.596292 seconds.
  path: Assets/Prefabs/Orange.prefab
  artifactKey: Guid(024483f068cf0b145911881e8958d511) Importer(815301076,1909f56bfc062723c751e8b465ee728b)
Start importing Assets/Prefabs/Orange.prefab using Guid(024483f068cf0b145911881e8958d511) Importer(815301076,1909f56bfc062723c751e8b465ee728b)  -> (artifact id: 'f15239bd0bb4f764ddb1709f5961906e') in 0.016816 seconds 
========================================================================
Received Import Request.
  Time since last request: 0.380224 seconds.
  path: Assets/Prefabs/Orange.prefab
  artifactKey: Guid(024483f068cf0b145911881e8958d511) Importer(815301076,1909f56bfc062723c751e8b465ee728b)
Start importing Assets/Prefabs/Orange.prefab using Guid(024483f068cf0b145911881e8958d511) Importer(815301076,1909f56bfc062723c751e8b465ee728b)  -> (artifact id: '821a092794a5af4a7bf27f6c1975eb91') in 0.014367 seconds 
========================================================================
Received Import Request.
  Time since last request: 53.964313 seconds.
  path: Assets/Prefabs/Orange.prefab
  artifactKey: Guid(024483f068cf0b145911881e8958d511) Importer(815301076,1909f56bfc062723c751e8b465ee728b)
Start importing Assets/Prefabs/Orange.prefab using Guid(024483f068cf0b145911881e8958d511) Importer(815301076,1909f56bfc062723c751e8b465ee728b)  -> (artifact id: 'd57df20c5782259a8efdd7d3c874fb6d') in 0.025262 seconds 
========================================================================
Received Import Request.
  Time since last request: 4.498969 seconds.
  path: Assets/Prefabs/Orange.prefab
  artifactKey: Guid(024483f068cf0b145911881e8958d511) Importer(815301076,1909f56bfc062723c751e8b465ee728b)
Start importing Assets/Prefabs/Orange.prefab using Guid(024483f068cf0b145911881e8958d511) Importer(815301076,1909f56bfc062723c751e8b465ee728b)  -> (artifact id: '41444d31d114de1754c249b0d8dbff0b') in 0.013924 seconds 
========================================================================
Received Import Request.
  Time since last request: 0.000280 seconds.
  path: Assets/Prefabs/包子.prefab
  artifactKey: Guid(25504251438a6c1458bc142c3170ac68) Importer(815301076,1909f56bfc062723c751e8b465ee728b)
Start importing Assets/Prefabs/包子.prefab using Guid(25504251438a6c1458bc142c3170ac68) Importer(815301076,1909f56bfc062723c751e8b465ee728b)  -> (artifact id: '7cf5aa6fcb47038b937f17f9dfe40ebf') in 0.012160 seconds 
========================================================================
Received Import Request.
  Time since last request: 0.000260 seconds.
  path: Assets/Prefabs/饺子.prefab
  artifactKey: Guid(6a28310721d8ca54086c5c300a663b94) Importer(815301076,1909f56bfc062723c751e8b465ee728b)
Start importing Assets/Prefabs/饺子.prefab using Guid(6a28310721d8ca54086c5c300a663b94) Importer(815301076,1909f56bfc062723c751e8b465ee728b)  -> (artifact id: '8c7eabb38e57e827dd1d721833abded1') in 0.017201 seconds 
========================================================================
Received Import Request.
  Time since last request: 0.000285 seconds.
  path: Assets/Prefabs/糖葫芦.prefab
  artifactKey: Guid(d5e3dc92758004c448ebb9c91d4562cd) Importer(815301076,1909f56bfc062723c751e8b465ee728b)
Start importing Assets/Prefabs/糖葫芦.prefab using Guid(d5e3dc92758004c448ebb9c91d4562cd) Importer(815301076,1909f56bfc062723c751e8b465ee728b)  -> (artifact id: 'b6a4838467359fbed7014a4d666864f6') in 0.015885 seconds 
========================================================================
Received Import Request.
  Time since last request: 0.000350 seconds.
  path: Assets/Prefabs/Watermelon.prefab
  artifactKey: Guid(e80fcfc9f70e2c640a4d22775c8860de) Importer(815301076,1909f56bfc062723c751e8b465ee728b)
Start importing Assets/Prefabs/Watermelon.prefab using Guid(e80fcfc9f70e2c640a4d22775c8860de) Importer(815301076,1909f56bfc062723c751e8b465ee728b)  -> (artifact id: '82012ae0aeb306b3b288d1e762ab6b31') in 0.017366 seconds 
========================================================================
Received Import Request.
  Time since last request: 21.166077 seconds.
  path: Assets/Prefabs/Orange.prefab
  artifactKey: Guid(024483f068cf0b145911881e8958d511) Importer(815301076,1909f56bfc062723c751e8b465ee728b)
Start importing Assets/Prefabs/Orange.prefab using Guid(024483f068cf0b145911881e8958d511) Importer(815301076,1909f56bfc062723c751e8b465ee728b)  -> (artifact id: 'a9950b9cf038c3da8d140eee2db2bc76') in 0.021678 seconds 
========================================================================
Received Import Request.
  Time since last request: 122.296887 seconds.
  path: Assets/Textures/1ef0f9bf-a951-44cc-bb6c-f65cf9916b67.png
  artifactKey: Guid(c306d43d2034be441a9f785acb3e1d53) Importer(815301076,1909f56bfc062723c751e8b465ee728b)
Start importing Assets/Textures/1ef0f9bf-a951-44cc-bb6c-f65cf9916b67.png using Guid(c306d43d2034be441a9f785acb3e1d53) Importer(815301076,1909f56bfc062723c751e8b465ee728b)  -> (artifact id: '841ab422a7841e76f3a8ae12d2440ce1') in 0.012243 seconds 
========================================================================
Received Import Request.
  Time since last request: 11.111112 seconds.
  path: Assets/Textures/1ef0f9bf-a951-44cc-bb6c-f65cf9916b67.png
  artifactKey: Guid(c306d43d2034be441a9f785acb3e1d53) Importer(815301076,1909f56bfc062723c751e8b465ee728b)
Start importing Assets/Textures/1ef0f9bf-a951-44cc-bb6c-f65cf9916b67.png using Guid(c306d43d2034be441a9f785acb3e1d53) Importer(815301076,1909f56bfc062723c751e8b465ee728b)  -> (artifact id: 'bbfef41082b734e44d8d83218ca7c4a4') in 0.021933 seconds 
========================================================================
Received Import Request.
  Time since last request: 4.389970 seconds.
  path: Assets/Prefabs/Orange.prefab
  artifactKey: Guid(024483f068cf0b145911881e8958d511) Importer(815301076,1909f56bfc062723c751e8b465ee728b)
Start importing Assets/Prefabs/Orange.prefab using Guid(024483f068cf0b145911881e8958d511) Importer(815301076,1909f56bfc062723c751e8b465ee728b)  -> (artifact id: 'db5523569b4990162890172f66799e2f') in 0.017353 seconds 
========================================================================
Received Import Request.
  Time since last request: 16.224382 seconds.
  path: Assets/Prefabs/hotpot.prefab
  artifactKey: Guid(024483f068cf0b145911881e8958d511) Importer(815301076,1909f56bfc062723c751e8b465ee728b)
Start importing Assets/Prefabs/hotpot.prefab using Guid(024483f068cf0b145911881e8958d511) Importer(815301076,1909f56bfc062723c751e8b465ee728b)  -> (artifact id: '08df4bdc86713006521c6d8048b1ebaf') in 0.019710 seconds 
========================================================================
Received Import Request.
  Time since last request: 9.402382 seconds.
  path: Assets/Prefabs/Watermelon.prefab
  artifactKey: Guid(e80fcfc9f70e2c640a4d22775c8860de) Importer(815301076,1909f56bfc062723c751e8b465ee728b)
Start importing Assets/Prefabs/Watermelon.prefab using Guid(e80fcfc9f70e2c640a4d22775c8860de) Importer(815301076,1909f56bfc062723c751e8b465ee728b)  -> (artifact id: '27e368b0a01e7efb35d7ff1ece6aa957') in 0.025889 seconds 
========================================================================
Received Import Request.
  Time since last request: 2.186444 seconds.
  path: Assets/Prefabs/Watermelon.prefab
  artifactKey: Guid(e80fcfc9f70e2c640a4d22775c8860de) Importer(815301076,1909f56bfc062723c751e8b465ee728b)
Start importing Assets/Prefabs/Watermelon.prefab using Guid(e80fcfc9f70e2c640a4d22775c8860de) Importer(815301076,1909f56bfc062723c751e8b465ee728b)  -> (artifact id: 'c2297e7c822b3dd2cec574fdc932ddf7') in 0.032645 seconds 
========================================================================
Received Import Request.
  Time since last request: 27.899043 seconds.
  path: Assets/Prefabs/Watermelon.prefab
  artifactKey: Guid(e80fcfc9f70e2c640a4d22775c8860de) Importer(815301076,1909f56bfc062723c751e8b465ee728b)
Start importing Assets/Prefabs/Watermelon.prefab using Guid(e80fcfc9f70e2c640a4d22775c8860de) Importer(815301076,1909f56bfc062723c751e8b465ee728b)  -> (artifact id: '45a3d11ff2a62e9bbf1744c705271f19') in 0.020575 seconds 
========================================================================
Received Import Request.
  Time since last request: 24.396782 seconds.
  path: Assets/Prefabs/春卷.prefab
  artifactKey: Guid(e80fcfc9f70e2c640a4d22775c8860de) Importer(815301076,1909f56bfc062723c751e8b465ee728b)
Start importing Assets/Prefabs/春卷.prefab using Guid(e80fcfc9f70e2c640a4d22775c8860de) Importer(815301076,1909f56bfc062723c751e8b465ee728b)  -> (artifact id: '7c327da855725af1e335264366fdf7fe') in 0.019200 seconds 
========================================================================
Received Import Request.
  Time since last request: 11.985590 seconds.
  path: Assets/Textures/f1792dcf-10ea-4637-a5b9-89a51ceff88b.png
  artifactKey: Guid(d3bd11495ae64874196d6b1aa03c4b20) Importer(815301076,1909f56bfc062723c751e8b465ee728b)
Start importing Assets/Textures/f1792dcf-10ea-4637-a5b9-89a51ceff88b.png using Guid(d3bd11495ae64874196d6b1aa03c4b20) Importer(815301076,1909f56bfc062723c751e8b465ee728b)  -> (artifact id: 'c6d5f5be91265afff123718a8caef8e9') in 0.011153 seconds 
========================================================================
Received Import Request.
  Time since last request: 2.090533 seconds.
  path: Assets/Prefabs/hotpot.prefab
  artifactKey: Guid(024483f068cf0b145911881e8958d511) Importer(815301076,1909f56bfc062723c751e8b465ee728b)
Start importing Assets/Prefabs/hotpot.prefab using Guid(024483f068cf0b145911881e8958d511) Importer(815301076,1909f56bfc062723c751e8b465ee728b)  -> (artifact id: '4afff46d2c4655fb27a23aaef2b53371') in 0.018867 seconds 
========================================================================
Received Import Request.
  Time since last request: 10.834686 seconds.
  path: Assets/Prefabs/hotpot.prefab
  artifactKey: Guid(024483f068cf0b145911881e8958d511) Importer(815301076,1909f56bfc062723c751e8b465ee728b)
Start importing Assets/Prefabs/hotpot.prefab using Guid(024483f068cf0b145911881e8958d511) Importer(815301076,1909f56bfc062723c751e8b465ee728b)  -> (artifact id: '36ba559fcb4b3c26561eba1c4e7e0846') in 0.023609 seconds 
========================================================================
Received Import Request.
  Time since last request: 2.575489 seconds.
  path: Assets/Prefabs/hotpot.prefab
  artifactKey: Guid(024483f068cf0b145911881e8958d511) Importer(815301076,1909f56bfc062723c751e8b465ee728b)
Start importing Assets/Prefabs/hotpot.prefab using Guid(024483f068cf0b145911881e8958d511) Importer(815301076,1909f56bfc062723c751e8b465ee728b)  -> (artifact id: '6fecc1524ad7999ca144ad3889c84cd4') in 0.025519 seconds 
========================================================================
Received Import Request.
  Time since last request: 59.365861 seconds.
  path: Assets/Prefabs/hotpot.prefab
  artifactKey: Guid(024483f068cf0b145911881e8958d511) Importer(815301076,1909f56bfc062723c751e8b465ee728b)
Start importing Assets/Prefabs/hotpot.prefab using Guid(024483f068cf0b145911881e8958d511) Importer(815301076,1909f56bfc062723c751e8b465ee728b)  -> (artifact id: 'c935d16e8f110344e5b481563e37e6dc') in 0.016642 seconds 
========================================================================
Received Import Request.
  Time since last request: 17.653054 seconds.
  path: Assets/Prefabs/hotpot.prefab
  artifactKey: Guid(024483f068cf0b145911881e8958d511) Importer(815301076,1909f56bfc062723c751e8b465ee728b)
Start importing Assets/Prefabs/hotpot.prefab using Guid(024483f068cf0b145911881e8958d511) Importer(815301076,1909f56bfc062723c751e8b465ee728b)  -> (artifact id: '20ad628a399d78257b439e6f4b89eec8') in 0.024426 seconds 
========================================================================
Received Import Request.
  Time since last request: 36.074863 seconds.
  path: Assets/Prefabs/hotpot.prefab
  artifactKey: Guid(024483f068cf0b145911881e8958d511) Importer(815301076,1909f56bfc062723c751e8b465ee728b)
Start importing Assets/Prefabs/hotpot.prefab using Guid(024483f068cf0b145911881e8958d511) Importer(815301076,1909f56bfc062723c751e8b465ee728b)  -> (artifact id: '5f998154007f051b37241f48bd21219f') in 0.021357 seconds 
========================================================================
Received Import Request.
  Time since last request: 1152.680497 seconds.
  path: Assets/Scripts/Fruit.cs
  artifactKey: Guid(e3b08cbe8beb8eb4280a7535cb1136be) Importer(815301076,1909f56bfc062723c751e8b465ee728b)
Start importing Assets/Scripts/Fruit.cs using Guid(e3b08cbe8beb8eb4280a7535cb1136be) Importer(815301076,1909f56bfc062723c751e8b465ee728b)  -> (artifact id: 'afa4c85931af3f9f919818a004715867') in 0.007520 seconds 
========================================================================
Received Prepare
Registering precompiled user dll's ...
Registered in 0.000886 seconds.
Begin MonoManager ReloadAssembly
Native extension for WindowsStandalone target not found
Native extension for OSXStandalone target not found
Native extension for WebGL target not found
Refreshing native plugins compatible for Editor in 0.19 ms, found 0 plugins.
Preloading 0 native plugins for Editor in 0.00 ms.
Mono: successfully reloaded assembly
- Completed reload, in  0.813 seconds
Domain Reload Profiling:
	ReloadAssembly (817ms)
		BeginReloadAssembly (319ms)
			ExecutionOrderSort (0ms)
			DisableScriptedObjects (27ms)
			BackupInstance (0ms)
			ReleaseScriptingObjects (0ms)
			CreateAndSetChildDomain (153ms)
		EndReloadAssembly (442ms)
			LoadAssemblies (119ms)
			RebuildTransferFunctionScriptingTraits (0ms)
			SetupTypeCache (131ms)
			ReleaseScriptCaches (1ms)
			RebuildScriptCaches (22ms)
			SetupLoadedEditorAssemblies (160ms)
				LogAssemblyErrors (0ms)
				InitializePlatformSupportModulesInManaged (8ms)
				SetLoadedEditorAssemblies (1ms)
				RefreshPlugins (0ms)
				BeforeProcessingInitializeOnLoad (60ms)
				ProcessInitializeOnLoadAttributes (77ms)
				ProcessInitializeOnLoadMethodAttributes (7ms)
				AfterProcessingInitializeOnLoad (6ms)
				EditorAssembliesLoaded (0ms)
			ExecutionOrderSort2 (0ms)
			AwakeInstancesAfterBackupRestoration (1ms)
Platform modules already initialized, skipping
Refreshing native plugins compatible for Editor in 0.34 ms, found 0 plugins.
Preloading 0 native plugins for Editor in 0.00 ms.
Unloading 649 Unused Serialized files (Serialized files now loaded: 0)
System memory in use before: 50.3 MB.
System memory in use after: 50.3 MB.

Unloading 7 unused Assets to reduce memory usage. Loaded Objects now: 1162.
Total: 4.380100 ms (FindLiveObjects: 0.493100 ms CreateObjectMapping: 0.025700 ms MarkObjects: 3.767800 ms  DeleteObjects: 0.092400 ms)

AssetImportParameters requested are different than current active one (requested -> active):
  custom:framework-win-MediaFoundation: 216162199b28c13a410421893ffa2e32 -> 
  custom:video-decoder-ogg-theora: a1e56fd34408186e4bbccfd4996cb3dc -> 
  custom:container-muxer-webm: aa71ff27fc2769a1b78a27578f13a17b -> 
  custom:container-demuxer-webm: 4f35f7cbe854078d1ac9338744f61a02 -> 
  custom:container-demuxer-ogg: 62fdf1f143b41e24485cea50d1cbac27 -> 
  custom:video-encoder-webm-vp8: eb34c28f22e8b96e1ab97ce403110664 -> 
  custom:video-codec-MediaFoundation-h265: 746d11721c4dcdbdad8f713fa42b33f4 -> 
  custom:video-decoder-webm-vp8: 9c59270c3fd7afecdb556c50c9e8de78 -> 
  custom:audio-decoder-ogg-vorbis: bf7c407c2cedff20999df2af8eb42d56 -> 
  custom:audio-encoder-webm-vorbis: bf7c407c2cedff20999df2af8eb42d56 -> 
========================================================================
Received Import Request.
  Time since last request: 371.508426 seconds.
  path: Assets/Scripts/Fruit.cs
  artifactKey: Guid(e3b08cbe8beb8eb4280a7535cb1136be) Importer(815301076,1909f56bfc062723c751e8b465ee728b)
Start importing Assets/Scripts/Fruit.cs using Guid(e3b08cbe8beb8eb4280a7535cb1136be) Importer(815301076,1909f56bfc062723c751e8b465ee728b)  -> (artifact id: 'b8bb6bc005ac2a9e774ec3ed13d78ce1') in 0.004840 seconds 
========================================================================
Received Import Request.
  Time since last request: 21.905909 seconds.
  path: Assets/Prefabs/hotpot.prefab
  artifactKey: Guid(024483f068cf0b145911881e8958d511) Importer(815301076,1909f56bfc062723c751e8b465ee728b)
Start importing Assets/Prefabs/hotpot.prefab using Guid(024483f068cf0b145911881e8958d511) Importer(815301076,1909f56bfc062723c751e8b465ee728b)  -> (artifact id: '45856677e6a3ed37865cabbd4a46b127') in 0.075337 seconds 
========================================================================
Received Import Request.
  Time since last request: 0.000328 seconds.
  path: Assets/Prefabs/包子.prefab
  artifactKey: Guid(25504251438a6c1458bc142c3170ac68) Importer(815301076,1909f56bfc062723c751e8b465ee728b)
Start importing Assets/Prefabs/包子.prefab using Guid(25504251438a6c1458bc142c3170ac68) Importer(815301076,1909f56bfc062723c751e8b465ee728b)  -> (artifact id: '46907f25f01d9d12aab023a023db0617') in 0.018142 seconds 
========================================================================
Received Import Request.
  Time since last request: 0.000522 seconds.
  path: Assets/Prefabs/饺子.prefab
  artifactKey: Guid(6a28310721d8ca54086c5c300a663b94) Importer(815301076,1909f56bfc062723c751e8b465ee728b)
Start importing Assets/Prefabs/饺子.prefab using Guid(6a28310721d8ca54086c5c300a663b94) Importer(815301076,1909f56bfc062723c751e8b465ee728b)  -> (artifact id: '17c68e75a8267c14a8d96a929a62db4a') in 0.021932 seconds 
========================================================================
Received Import Request.
  Time since last request: 0.000277 seconds.
  path: Assets/Prefabs/糖葫芦.prefab
  artifactKey: Guid(d5e3dc92758004c448ebb9c91d4562cd) Importer(815301076,1909f56bfc062723c751e8b465ee728b)
Start importing Assets/Prefabs/糖葫芦.prefab using Guid(d5e3dc92758004c448ebb9c91d4562cd) Importer(815301076,1909f56bfc062723c751e8b465ee728b)  -> (artifact id: '33a64203e37fa6bd1f1a61ee8956c9eb') in 0.020249 seconds 
========================================================================
Received Import Request.
  Time since last request: 0.000472 seconds.
  path: Assets/Prefabs/春卷.prefab
  artifactKey: Guid(e80fcfc9f70e2c640a4d22775c8860de) Importer(815301076,1909f56bfc062723c751e8b465ee728b)
Start importing Assets/Prefabs/春卷.prefab using Guid(e80fcfc9f70e2c640a4d22775c8860de) Importer(815301076,1909f56bfc062723c751e8b465ee728b)  -> (artifact id: '128e7d5deef77c1e5bdc1ff083e0f764') in 0.019342 seconds 
========================================================================
Received Prepare
Registering precompiled user dll's ...
Registered in 0.000620 seconds.
Begin MonoManager ReloadAssembly
Native extension for WindowsStandalone target not found
Native extension for OSXStandalone target not found
Native extension for WebGL target not found
Refreshing native plugins compatible for Editor in 0.14 ms, found 0 plugins.
Preloading 0 native plugins for Editor in 0.00 ms.
Mono: successfully reloaded assembly
- Completed reload, in  0.555 seconds
Domain Reload Profiling:
	ReloadAssembly (555ms)
		BeginReloadAssembly (102ms)
			ExecutionOrderSort (0ms)
			DisableScriptedObjects (6ms)
			BackupInstance (0ms)
			ReleaseScriptingObjects (0ms)
			CreateAndSetChildDomain (22ms)
		EndReloadAssembly (405ms)
			LoadAssemblies (80ms)
			RebuildTransferFunctionScriptingTraits (0ms)
			SetupTypeCache (120ms)
			ReleaseScriptCaches (0ms)
			RebuildScriptCaches (21ms)
			SetupLoadedEditorAssemblies (148ms)
				LogAssemblyErrors (0ms)
				InitializePlatformSupportModulesInManaged (6ms)
				SetLoadedEditorAssemblies (0ms)
				RefreshPlugins (0ms)
				BeforeProcessingInitializeOnLoad (55ms)
				ProcessInitializeOnLoadAttributes (74ms)
				ProcessInitializeOnLoadMethodAttributes (7ms)
				AfterProcessingInitializeOnLoad (5ms)
				EditorAssembliesLoaded (0ms)
			ExecutionOrderSort2 (0ms)
			AwakeInstancesAfterBackupRestoration (2ms)
Platform modules already initialized, skipping
Refreshing native plugins compatible for Editor in 0.38 ms, found 0 plugins.
Preloading 0 native plugins for Editor in 0.00 ms.
Unloading 649 Unused Serialized files (Serialized files now loaded: 0)
System memory in use before: 50.3 MB.
System memory in use after: 50.3 MB.

Unloading 5 unused Assets to reduce memory usage. Loaded Objects now: 1166.
Total: 2.740900 ms (FindLiveObjects: 0.099900 ms CreateObjectMapping: 0.025200 ms MarkObjects: 2.584700 ms  DeleteObjects: 0.030000 ms)

AssetImportParameters requested are different than current active one (requested -> active):
  custom:framework-win-MediaFoundation: 216162199b28c13a410421893ffa2e32 -> 
  custom:video-decoder-ogg-theora: a1e56fd34408186e4bbccfd4996cb3dc -> 
  custom:container-muxer-webm: aa71ff27fc2769a1b78a27578f13a17b -> 
  custom:container-demuxer-webm: 4f35f7cbe854078d1ac9338744f61a02 -> 
  custom:container-demuxer-ogg: 62fdf1f143b41e24485cea50d1cbac27 -> 
  custom:video-encoder-webm-vp8: eb34c28f22e8b96e1ab97ce403110664 -> 
  custom:video-codec-MediaFoundation-h265: 746d11721c4dcdbdad8f713fa42b33f4 -> 
  custom:video-decoder-webm-vp8: 9c59270c3fd7afecdb556c50c9e8de78 -> 
  custom:audio-decoder-ogg-vorbis: bf7c407c2cedff20999df2af8eb42d56 -> 
  custom:audio-encoder-webm-vorbis: bf7c407c2cedff20999df2af8eb42d56 -> 
========================================================================
Received Import Request.
  Time since last request: 13.035000 seconds.
  path: Assets/Textures/1ef0f9bf-a951-44cc-bb6c-f65cf9916b67.png
  artifactKey: Guid(c306d43d2034be441a9f785acb3e1d53) Importer(815301076,1909f56bfc062723c751e8b465ee728b)
Start importing Assets/Textures/1ef0f9bf-a951-44cc-bb6c-f65cf9916b67.png using Guid(c306d43d2034be441a9f785acb3e1d53) Importer(815301076,1909f56bfc062723c751e8b465ee728b)  -> (artifact id: '09802adde7f610c7a207ff5d71d7a87a') in 0.044793 seconds 
========================================================================
Received Import Request.
  Time since last request: 35.473890 seconds.
  path: Assets/Textures/f1792dcf-10ea-4637-a5b9-89a51ceff88b.png
  artifactKey: Guid(d3bd11495ae64874196d6b1aa03c4b20) Importer(815301076,1909f56bfc062723c751e8b465ee728b)
Start importing Assets/Textures/f1792dcf-10ea-4637-a5b9-89a51ceff88b.png using Guid(d3bd11495ae64874196d6b1aa03c4b20) Importer(815301076,1909f56bfc062723c751e8b465ee728b)  -> (artifact id: 'bec4d6009cc968f5a7ef1321d4c13ef4') in 0.012628 seconds 
========================================================================
Received Prepare
Registering precompiled user dll's ...
Registered in 0.000688 seconds.
Begin MonoManager ReloadAssembly
Native extension for WindowsStandalone target not found
Native extension for OSXStandalone target not found
Native extension for WebGL target not found
Refreshing native plugins compatible for Editor in 0.14 ms, found 0 plugins.
Preloading 0 native plugins for Editor in 0.00 ms.
Mono: successfully reloaded assembly
- Completed reload, in  0.554 seconds
Domain Reload Profiling:
	ReloadAssembly (555ms)
		BeginReloadAssembly (100ms)
			ExecutionOrderSort (0ms)
			DisableScriptedObjects (4ms)
			BackupInstance (0ms)
			ReleaseScriptingObjects (0ms)
			CreateAndSetChildDomain (22ms)
		EndReloadAssembly (410ms)
			LoadAssemblies (80ms)
			RebuildTransferFunctionScriptingTraits (0ms)
			SetupTypeCache (126ms)
			ReleaseScriptCaches (1ms)
			RebuildScriptCaches (21ms)
			SetupLoadedEditorAssemblies (152ms)
				LogAssemblyErrors (0ms)
				InitializePlatformSupportModulesInManaged (5ms)
				SetLoadedEditorAssemblies (0ms)
				RefreshPlugins (0ms)
				BeforeProcessingInitializeOnLoad (59ms)
				ProcessInitializeOnLoadAttributes (75ms)
				ProcessInitializeOnLoadMethodAttributes (8ms)
				AfterProcessingInitializeOnLoad (5ms)
				EditorAssembliesLoaded (0ms)
			ExecutionOrderSort2 (0ms)
			AwakeInstancesAfterBackupRestoration (1ms)
Platform modules already initialized, skipping
Refreshing native plugins compatible for Editor in 0.46 ms, found 0 plugins.
Preloading 0 native plugins for Editor in 0.00 ms.
Unloading 649 Unused Serialized files (Serialized files now loaded: 0)
System memory in use before: 50.3 MB.
System memory in use after: 50.3 MB.

Unloading 4 unused Assets to reduce memory usage. Loaded Objects now: 1170.
Total: 2.650600 ms (FindLiveObjects: 0.246000 ms CreateObjectMapping: 0.033600 ms MarkObjects: 2.349400 ms  DeleteObjects: 0.019800 ms)

AssetImportParameters requested are different than current active one (requested -> active):
  custom:framework-win-MediaFoundation: 216162199b28c13a410421893ffa2e32 -> 
  custom:video-decoder-ogg-theora: a1e56fd34408186e4bbccfd4996cb3dc -> 
  custom:container-muxer-webm: aa71ff27fc2769a1b78a27578f13a17b -> 
  custom:container-demuxer-webm: 4f35f7cbe854078d1ac9338744f61a02 -> 
  custom:container-demuxer-ogg: 62fdf1f143b41e24485cea50d1cbac27 -> 
  custom:video-encoder-webm-vp8: eb34c28f22e8b96e1ab97ce403110664 -> 
  custom:video-codec-MediaFoundation-h265: 746d11721c4dcdbdad8f713fa42b33f4 -> 
  custom:video-decoder-webm-vp8: 9c59270c3fd7afecdb556c50c9e8de78 -> 
  custom:audio-decoder-ogg-vorbis: bf7c407c2cedff20999df2af8eb42d56 -> 
  custom:audio-encoder-webm-vorbis: bf7c407c2cedff20999df2af8eb42d56 -> 
========================================================================
Received Import Request.
  Time since last request: 23.806739 seconds.
  path: Assets/Textures/e3b0b71f-e486-486f-a858-85ac5b91b9ff.png
  artifactKey: Guid(b8198f278b86d124caf25405c57d363b) Importer(815301076,1909f56bfc062723c751e8b465ee728b)
Start importing Assets/Textures/e3b0b71f-e486-486f-a858-85ac5b91b9ff.png using Guid(b8198f278b86d124caf25405c57d363b) Importer(815301076,1909f56bfc062723c751e8b465ee728b)  -> (artifact id: '0b8254441f8a12b292c325f22958fa6b') in 0.042984 seconds 
========================================================================
Received Prepare
Registering precompiled user dll's ...
Registered in 0.000626 seconds.
Begin MonoManager ReloadAssembly
Native extension for WindowsStandalone target not found
Native extension for OSXStandalone target not found
Native extension for WebGL target not found
Refreshing native plugins compatible for Editor in 0.14 ms, found 0 plugins.
Preloading 0 native plugins for Editor in 0.00 ms.
Mono: successfully reloaded assembly
- Completed reload, in  0.542 seconds
Domain Reload Profiling:
	ReloadAssembly (543ms)
		BeginReloadAssembly (87ms)
			ExecutionOrderSort (0ms)
			DisableScriptedObjects (4ms)
			BackupInstance (0ms)
			ReleaseScriptingObjects (0ms)
			CreateAndSetChildDomain (22ms)
		EndReloadAssembly (409ms)
			LoadAssemblies (68ms)
			RebuildTransferFunctionScriptingTraits (0ms)
			SetupTypeCache (120ms)
			ReleaseScriptCaches (0ms)
			RebuildScriptCaches (22ms)
			SetupLoadedEditorAssemblies (152ms)
				LogAssemblyErrors (0ms)
				InitializePlatformSupportModulesInManaged (6ms)
				SetLoadedEditorAssemblies (0ms)
				RefreshPlugins (0ms)
				BeforeProcessingInitializeOnLoad (57ms)
				ProcessInitializeOnLoadAttributes (76ms)
				ProcessInitializeOnLoadMethodAttributes (8ms)
				AfterProcessingInitializeOnLoad (5ms)
				EditorAssembliesLoaded (0ms)
			ExecutionOrderSort2 (0ms)
			AwakeInstancesAfterBackupRestoration (1ms)
Platform modules already initialized, skipping
Refreshing native plugins compatible for Editor in 0.41 ms, found 0 plugins.
Preloading 0 native plugins for Editor in 0.00 ms.
Unloading 649 Unused Serialized files (Serialized files now loaded: 0)
System memory in use before: 50.3 MB.
System memory in use after: 50.3 MB.

Unloading 4 unused Assets to reduce memory usage. Loaded Objects now: 1174.
Total: 2.481700 ms (FindLiveObjects: 0.130600 ms CreateObjectMapping: 0.041500 ms MarkObjects: 2.284200 ms  DeleteObjects: 0.024000 ms)

AssetImportParameters requested are different than current active one (requested -> active):
  custom:framework-win-MediaFoundation: 216162199b28c13a410421893ffa2e32 -> 
  custom:video-decoder-ogg-theora: a1e56fd34408186e4bbccfd4996cb3dc -> 
  custom:container-muxer-webm: aa71ff27fc2769a1b78a27578f13a17b -> 
  custom:container-demuxer-webm: 4f35f7cbe854078d1ac9338744f61a02 -> 
  custom:container-demuxer-ogg: 62fdf1f143b41e24485cea50d1cbac27 -> 
  custom:video-encoder-webm-vp8: eb34c28f22e8b96e1ab97ce403110664 -> 
  custom:video-codec-MediaFoundation-h265: 746d11721c4dcdbdad8f713fa42b33f4 -> 
  custom:video-decoder-webm-vp8: 9c59270c3fd7afecdb556c50c9e8de78 -> 
  custom:audio-decoder-ogg-vorbis: bf7c407c2cedff20999df2af8eb42d56 -> 
  custom:audio-encoder-webm-vorbis: bf7c407c2cedff20999df2af8eb42d56 -> 
========================================================================
Received Import Request.
  Time since last request: 45.676574 seconds.
  path: Assets/Textures/f1792dcf-10ea-4637-a5b9-89a51ceff88b.png
  artifactKey: Guid(d3bd11495ae64874196d6b1aa03c4b20) Importer(815301076,1909f56bfc062723c751e8b465ee728b)
Start importing Assets/Textures/f1792dcf-10ea-4637-a5b9-89a51ceff88b.png using Guid(d3bd11495ae64874196d6b1aa03c4b20) Importer(815301076,1909f56bfc062723c751e8b465ee728b)  -> (artifact id: 'ddd4a1debdf258565ba3ed103ea7396e') in 0.040804 seconds 
========================================================================
Received Import Request.
  Time since last request: 179.958665 seconds.
  path: Assets/Prefabs/hotpot.prefab
  artifactKey: Guid(024483f068cf0b145911881e8958d511) Importer(815301076,1909f56bfc062723c751e8b465ee728b)
Start importing Assets/Prefabs/hotpot.prefab using Guid(024483f068cf0b145911881e8958d511) Importer(815301076,1909f56bfc062723c751e8b465ee728b)  -> (artifact id: '4632a1d678119a3f17a828822553e93b') in 0.041775 seconds 
========================================================================
Received Import Request.
  Time since last request: 0.000326 seconds.
  path: Assets/Prefabs/包子.prefab
  artifactKey: Guid(25504251438a6c1458bc142c3170ac68) Importer(815301076,1909f56bfc062723c751e8b465ee728b)
Start importing Assets/Prefabs/包子.prefab using Guid(25504251438a6c1458bc142c3170ac68) Importer(815301076,1909f56bfc062723c751e8b465ee728b)  -> (artifact id: '6eeff0d9e42f590d82a8a8397bb2c34a') in 0.013632 seconds 
========================================================================
Received Import Request.
  Time since last request: 0.000239 seconds.
  path: Assets/Prefabs/饺子.prefab
  artifactKey: Guid(6a28310721d8ca54086c5c300a663b94) Importer(815301076,1909f56bfc062723c751e8b465ee728b)
Start importing Assets/Prefabs/饺子.prefab using Guid(6a28310721d8ca54086c5c300a663b94) Importer(815301076,1909f56bfc062723c751e8b465ee728b)  -> (artifact id: 'a2977bd609777a513f8f62e3abb088f4') in 0.017645 seconds 
========================================================================
Received Import Request.
  Time since last request: 0.000301 seconds.
  path: Assets/Prefabs/糖葫芦.prefab
  artifactKey: Guid(d5e3dc92758004c448ebb9c91d4562cd) Importer(815301076,1909f56bfc062723c751e8b465ee728b)
Start importing Assets/Prefabs/糖葫芦.prefab using Guid(d5e3dc92758004c448ebb9c91d4562cd) Importer(815301076,1909f56bfc062723c751e8b465ee728b)  -> (artifact id: '6185d6be62ce66e6f0545eb6d3fb8317') in 0.015440 seconds 
========================================================================
Received Import Request.
  Time since last request: 0.000297 seconds.
  path: Assets/Prefabs/春卷.prefab
  artifactKey: Guid(e80fcfc9f70e2c640a4d22775c8860de) Importer(815301076,1909f56bfc062723c751e8b465ee728b)
Start importing Assets/Prefabs/春卷.prefab using Guid(e80fcfc9f70e2c640a4d22775c8860de) Importer(815301076,1909f56bfc062723c751e8b465ee728b)  -> (artifact id: '20b4de731134929c66798dd6b4663656') in 0.015619 seconds 
========================================================================
Received Prepare
Registering precompiled user dll's ...
Registered in 0.000552 seconds.
Begin MonoManager ReloadAssembly
Native extension for WindowsStandalone target not found
Native extension for OSXStandalone target not found
Native extension for WebGL target not found
Refreshing native plugins compatible for Editor in 0.15 ms, found 0 plugins.
Preloading 0 native plugins for Editor in 0.00 ms.
Mono: successfully reloaded assembly
- Completed reload, in  0.658 seconds
Domain Reload Profiling:
	ReloadAssembly (659ms)
		BeginReloadAssembly (102ms)
			ExecutionOrderSort (0ms)
			DisableScriptedObjects (4ms)
			BackupInstance (0ms)
			ReleaseScriptingObjects (0ms)
			CreateAndSetChildDomain (23ms)
		EndReloadAssembly (504ms)
			LoadAssemblies (85ms)
			RebuildTransferFunctionScriptingTraits (0ms)
			SetupTypeCache (147ms)
			ReleaseScriptCaches (1ms)
			RebuildScriptCaches (25ms)
			SetupLoadedEditorAssemblies (192ms)
				LogAssemblyErrors (0ms)
				InitializePlatformSupportModulesInManaged (7ms)
				SetLoadedEditorAssemblies (0ms)
				RefreshPlugins (0ms)
				BeforeProcessingInitializeOnLoad (71ms)
				ProcessInitializeOnLoadAttributes (95ms)
				ProcessInitializeOnLoadMethodAttributes (12ms)
				AfterProcessingInitializeOnLoad (6ms)
				EditorAssembliesLoaded (0ms)
			ExecutionOrderSort2 (0ms)
			AwakeInstancesAfterBackupRestoration (2ms)
Platform modules already initialized, skipping
Refreshing native plugins compatible for Editor in 0.40 ms, found 0 plugins.
Preloading 0 native plugins for Editor in 0.00 ms.
Unloading 649 Unused Serialized files (Serialized files now loaded: 0)
System memory in use before: 50.3 MB.
System memory in use after: 50.4 MB.

Unloading 5 unused Assets to reduce memory usage. Loaded Objects now: 1178.
Total: 2.767600 ms (FindLiveObjects: 0.128900 ms CreateObjectMapping: 0.030400 ms MarkObjects: 2.582200 ms  DeleteObjects: 0.024400 ms)

AssetImportParameters requested are different than current active one (requested -> active):
  custom:framework-win-MediaFoundation: 216162199b28c13a410421893ffa2e32 -> 
  custom:video-decoder-ogg-theora: a1e56fd34408186e4bbccfd4996cb3dc -> 
  custom:container-muxer-webm: aa71ff27fc2769a1b78a27578f13a17b -> 
  custom:container-demuxer-webm: 4f35f7cbe854078d1ac9338744f61a02 -> 
  custom:container-demuxer-ogg: 62fdf1f143b41e24485cea50d1cbac27 -> 
  custom:video-encoder-webm-vp8: eb34c28f22e8b96e1ab97ce403110664 -> 
  custom:video-codec-MediaFoundation-h265: 746d11721c4dcdbdad8f713fa42b33f4 -> 
  custom:video-decoder-webm-vp8: 9c59270c3fd7afecdb556c50c9e8de78 -> 
  custom:audio-decoder-ogg-vorbis: bf7c407c2cedff20999df2af8eb42d56 -> 
  custom:audio-encoder-webm-vorbis: bf7c407c2cedff20999df2af8eb42d56 -> 
========================================================================
Received Import Request.
  Time since last request: 45.396003 seconds.
  path: Assets/Prefabs/hotpot.prefab
  artifactKey: Guid(024483f068cf0b145911881e8958d511) Importer(815301076,1909f56bfc062723c751e8b465ee728b)
Start importing Assets/Prefabs/hotpot.prefab using Guid(024483f068cf0b145911881e8958d511) Importer(815301076,1909f56bfc062723c751e8b465ee728b)  -> (artifact id: 'bcb3aa76f50cec0065d8c15678f5db54') in 0.069370 seconds 
========================================================================
Received Import Request.
  Time since last request: 42.913357 seconds.
  path: Assets/Prefabs/hotpot.prefab
  artifactKey: Guid(024483f068cf0b145911881e8958d511) Importer(815301076,1909f56bfc062723c751e8b465ee728b)
Start importing Assets/Prefabs/hotpot.prefab using Guid(024483f068cf0b145911881e8958d511) Importer(815301076,1909f56bfc062723c751e8b465ee728b)  -> (artifact id: '97c10fc54881399e77beee44e7c8bb91') in 0.016511 seconds 
========================================================================
Received Prepare
Registering precompiled user dll's ...
Registered in 0.000576 seconds.
Begin MonoManager ReloadAssembly
Native extension for WindowsStandalone target not found
Native extension for OSXStandalone target not found
Native extension for WebGL target not found
Refreshing native plugins compatible for Editor in 0.15 ms, found 0 plugins.
Preloading 0 native plugins for Editor in 0.00 ms.
Mono: successfully reloaded assembly
- Completed reload, in  0.560 seconds
Domain Reload Profiling:
	ReloadAssembly (560ms)
		BeginReloadAssembly (92ms)
			ExecutionOrderSort (0ms)
			DisableScriptedObjects (4ms)
			BackupInstance (0ms)
			ReleaseScriptingObjects (0ms)
			CreateAndSetChildDomain (21ms)
		EndReloadAssembly (417ms)
			LoadAssemblies (79ms)
			RebuildTransferFunctionScriptingTraits (0ms)
			SetupTypeCache (133ms)
			ReleaseScriptCaches (0ms)
			RebuildScriptCaches (22ms)
			SetupLoadedEditorAssemblies (140ms)
				LogAssemblyErrors (0ms)
				InitializePlatformSupportModulesInManaged (6ms)
				SetLoadedEditorAssemblies (1ms)
				RefreshPlugins (0ms)
				BeforeProcessingInitializeOnLoad (53ms)
				ProcessInitializeOnLoadAttributes (69ms)
				ProcessInitializeOnLoadMethodAttributes (6ms)
				AfterProcessingInitializeOnLoad (5ms)
				EditorAssembliesLoaded (0ms)
			ExecutionOrderSort2 (0ms)
			AwakeInstancesAfterBackupRestoration (1ms)
Platform modules already initialized, skipping
Refreshing native plugins compatible for Editor in 0.38 ms, found 0 plugins.
Preloading 0 native plugins for Editor in 0.00 ms.
Unloading 649 Unused Serialized files (Serialized files now loaded: 0)
System memory in use before: 50.3 MB.
System memory in use after: 50.4 MB.

Unloading 5 unused Assets to reduce memory usage. Loaded Objects now: 1182.
Total: 2.477600 ms (FindLiveObjects: 0.099800 ms CreateObjectMapping: 0.016700 ms MarkObjects: 2.326400 ms  DeleteObjects: 0.033600 ms)

AssetImportParameters requested are different than current active one (requested -> active):
  custom:framework-win-MediaFoundation: 216162199b28c13a410421893ffa2e32 -> 
  custom:video-decoder-ogg-theora: a1e56fd34408186e4bbccfd4996cb3dc -> 
  custom:container-muxer-webm: aa71ff27fc2769a1b78a27578f13a17b -> 
  custom:container-demuxer-webm: 4f35f7cbe854078d1ac9338744f61a02 -> 
  custom:container-demuxer-ogg: 62fdf1f143b41e24485cea50d1cbac27 -> 
  custom:video-encoder-webm-vp8: eb34c28f22e8b96e1ab97ce403110664 -> 
  custom:video-codec-MediaFoundation-h265: 746d11721c4dcdbdad8f713fa42b33f4 -> 
  custom:video-decoder-webm-vp8: 9c59270c3fd7afecdb556c50c9e8de78 -> 
  custom:audio-decoder-ogg-vorbis: bf7c407c2cedff20999df2af8eb42d56 -> 
  custom:audio-encoder-webm-vorbis: bf7c407c2cedff20999df2af8eb42d56 -> 
========================================================================
Received Import Request.
  Time since last request: 194.405422 seconds.
  path: Assets/Scripts/Fruit.cs
  artifactKey: Guid(e3b08cbe8beb8eb4280a7535cb1136be) Importer(815301076,1909f56bfc062723c751e8b465ee728b)
Start importing Assets/Scripts/Fruit.cs using Guid(e3b08cbe8beb8eb4280a7535cb1136be) Importer(815301076,1909f56bfc062723c751e8b465ee728b)  -> (artifact id: '632cc59919744011080f702f91b0b23b') in 0.003751 seconds 
========================================================================
Received Prepare
Registering precompiled user dll's ...
Registered in 0.000521 seconds.
Begin MonoManager ReloadAssembly
Native extension for WindowsStandalone target not found
Native extension for OSXStandalone target not found
Native extension for WebGL target not found
Refreshing native plugins compatible for Editor in 0.14 ms, found 0 plugins.
Preloading 0 native plugins for Editor in 0.00 ms.
Mono: successfully reloaded assembly
- Completed reload, in  0.572 seconds
Domain Reload Profiling:
	ReloadAssembly (573ms)
		BeginReloadAssembly (95ms)
			ExecutionOrderSort (0ms)
			DisableScriptedObjects (4ms)
			BackupInstance (0ms)
			ReleaseScriptingObjects (0ms)
			CreateAndSetChildDomain (26ms)
		EndReloadAssembly (429ms)
			LoadAssemblies (79ms)
			RebuildTransferFunctionScriptingTraits (0ms)
			SetupTypeCache (137ms)
			ReleaseScriptCaches (0ms)
			RebuildScriptCaches (22ms)
			SetupLoadedEditorAssemblies (143ms)
				LogAssemblyErrors (0ms)
				InitializePlatformSupportModulesInManaged (6ms)
				SetLoadedEditorAssemblies (0ms)
				RefreshPlugins (0ms)
				BeforeProcessingInitializeOnLoad (52ms)
				ProcessInitializeOnLoadAttributes (72ms)
				ProcessInitializeOnLoadMethodAttributes (6ms)
				AfterProcessingInitializeOnLoad (5ms)
				EditorAssembliesLoaded (0ms)
			ExecutionOrderSort2 (0ms)
			AwakeInstancesAfterBackupRestoration (1ms)
Platform modules already initialized, skipping
Refreshing native plugins compatible for Editor in 0.34 ms, found 0 plugins.
Preloading 0 native plugins for Editor in 0.00 ms.
Unloading 649 Unused Serialized files (Serialized files now loaded: 0)
System memory in use before: 50.3 MB.
System memory in use after: 50.4 MB.

Unloading 4 unused Assets to reduce memory usage. Loaded Objects now: 1185.
Total: 2.629400 ms (FindLiveObjects: 0.114000 ms CreateObjectMapping: 0.028700 ms MarkObjects: 2.464300 ms  DeleteObjects: 0.021400 ms)

AssetImportParameters requested are different than current active one (requested -> active):
  custom:framework-win-MediaFoundation: 216162199b28c13a410421893ffa2e32 -> 
  custom:video-decoder-ogg-theora: a1e56fd34408186e4bbccfd4996cb3dc -> 
  custom:container-muxer-webm: aa71ff27fc2769a1b78a27578f13a17b -> 
  custom:container-demuxer-webm: 4f35f7cbe854078d1ac9338744f61a02 -> 
  custom:container-demuxer-ogg: 62fdf1f143b41e24485cea50d1cbac27 -> 
  custom:video-encoder-webm-vp8: eb34c28f22e8b96e1ab97ce403110664 -> 
  custom:video-codec-MediaFoundation-h265: 746d11721c4dcdbdad8f713fa42b33f4 -> 
  custom:video-decoder-webm-vp8: 9c59270c3fd7afecdb556c50c9e8de78 -> 
  custom:audio-decoder-ogg-vorbis: bf7c407c2cedff20999df2af8eb42d56 -> 
  custom:audio-encoder-webm-vorbis: bf7c407c2cedff20999df2af8eb42d56 -> 
========================================================================
Received Import Request.
  Time since last request: 161.958174 seconds.
  path: Assets/Scripts/Fruit.cs
  artifactKey: Guid(e3b08cbe8beb8eb4280a7535cb1136be) Importer(815301076,1909f56bfc062723c751e8b465ee728b)
Start importing Assets/Scripts/Fruit.cs using Guid(e3b08cbe8beb8eb4280a7535cb1136be) Importer(815301076,1909f56bfc062723c751e8b465ee728b)  -> (artifact id: 'c74e2d58ef820314056fbfb093525da0') in 0.004114 seconds 
========================================================================
Received Import Request.
  Time since last request: 123.084988 seconds.
  path: Assets/Prefabs/hotpot.prefab
  artifactKey: Guid(024483f068cf0b145911881e8958d511) Importer(815301076,1909f56bfc062723c751e8b465ee728b)
Start importing Assets/Prefabs/hotpot.prefab using Guid(024483f068cf0b145911881e8958d511) Importer(815301076,1909f56bfc062723c751e8b465ee728b)  -> (artifact id: '5e2a664e7627a53435f569e7ffbee4df') in 0.063122 seconds 
========================================================================
Received Import Request.
  Time since last request: 0.000397 seconds.
  path: Assets/Prefabs/包子.prefab
  artifactKey: Guid(25504251438a6c1458bc142c3170ac68) Importer(815301076,1909f56bfc062723c751e8b465ee728b)
Start importing Assets/Prefabs/包子.prefab using Guid(25504251438a6c1458bc142c3170ac68) Importer(815301076,1909f56bfc062723c751e8b465ee728b)  -> (artifact id: 'b0c06b1f0061829f5528a77f0e11dc20') in 0.027429 seconds 
========================================================================
Received Import Request.
  Time since last request: 0.000260 seconds.
  path: Assets/Prefabs/饺子.prefab
  artifactKey: Guid(6a28310721d8ca54086c5c300a663b94) Importer(815301076,1909f56bfc062723c751e8b465ee728b)
Start importing Assets/Prefabs/饺子.prefab using Guid(6a28310721d8ca54086c5c300a663b94) Importer(815301076,1909f56bfc062723c751e8b465ee728b)  -> (artifact id: 'e6aef9fcb2916ae76bc30ba8821a112b') in 0.036641 seconds 
========================================================================
Received Import Request.
  Time since last request: 0.000330 seconds.
  path: Assets/Prefabs/糖葫芦.prefab
  artifactKey: Guid(d5e3dc92758004c448ebb9c91d4562cd) Importer(815301076,1909f56bfc062723c751e8b465ee728b)
Start importing Assets/Prefabs/糖葫芦.prefab using Guid(d5e3dc92758004c448ebb9c91d4562cd) Importer(815301076,1909f56bfc062723c751e8b465ee728b)  -> (artifact id: 'eac68db78229b1842132a016a5e06971') in 0.016464 seconds 
========================================================================
Received Import Request.
  Time since last request: 0.000310 seconds.
  path: Assets/Prefabs/春卷.prefab
  artifactKey: Guid(e80fcfc9f70e2c640a4d22775c8860de) Importer(815301076,1909f56bfc062723c751e8b465ee728b)
Start importing Assets/Prefabs/春卷.prefab using Guid(e80fcfc9f70e2c640a4d22775c8860de) Importer(815301076,1909f56bfc062723c751e8b465ee728b)  -> (artifact id: '55169c3ec3a8ff930748e347d0cf05ae') in 0.017018 seconds 
========================================================================
Received Prepare
Registering precompiled user dll's ...
Registered in 0.000589 seconds.
Begin MonoManager ReloadAssembly
Native extension for WindowsStandalone target not found
Native extension for OSXStandalone target not found
Native extension for WebGL target not found
Refreshing native plugins compatible for Editor in 0.16 ms, found 0 plugins.
Preloading 0 native plugins for Editor in 0.00 ms.
Mono: successfully reloaded assembly
- Completed reload, in  0.564 seconds
Domain Reload Profiling:
	ReloadAssembly (565ms)
		BeginReloadAssembly (92ms)
			ExecutionOrderSort (0ms)
			DisableScriptedObjects (3ms)
			BackupInstance (0ms)
			ReleaseScriptingObjects (0ms)
			CreateAndSetChildDomain (22ms)
		EndReloadAssembly (421ms)
			LoadAssemblies (77ms)
			RebuildTransferFunctionScriptingTraits (0ms)
			SetupTypeCache (130ms)
			ReleaseScriptCaches (0ms)
			RebuildScriptCaches (22ms)
			SetupLoadedEditorAssemblies (150ms)
				LogAssemblyErrors (0ms)
				InitializePlatformSupportModulesInManaged (5ms)
				SetLoadedEditorAssemblies (0ms)
				RefreshPlugins (0ms)
				BeforeProcessingInitializeOnLoad (56ms)
				ProcessInitializeOnLoadAttributes (76ms)
				ProcessInitializeOnLoadMethodAttributes (6ms)
				AfterProcessingInitializeOnLoad (6ms)
				EditorAssembliesLoaded (0ms)
			ExecutionOrderSort2 (0ms)
			AwakeInstancesAfterBackupRestoration (1ms)
Platform modules already initialized, skipping
Refreshing native plugins compatible for Editor in 0.38 ms, found 0 plugins.
Preloading 0 native plugins for Editor in 0.00 ms.
Unloading 649 Unused Serialized files (Serialized files now loaded: 0)
System memory in use before: 50.4 MB.
System memory in use after: 50.4 MB.

Unloading 5 unused Assets to reduce memory usage. Loaded Objects now: 1189.
Total: 3.254500 ms (FindLiveObjects: 0.092700 ms CreateObjectMapping: 0.020600 ms MarkObjects: 3.106900 ms  DeleteObjects: 0.033100 ms)

AssetImportParameters requested are different than current active one (requested -> active):
  custom:framework-win-MediaFoundation: 216162199b28c13a410421893ffa2e32 -> 
  custom:video-decoder-ogg-theora: a1e56fd34408186e4bbccfd4996cb3dc -> 
  custom:container-muxer-webm: aa71ff27fc2769a1b78a27578f13a17b -> 
  custom:container-demuxer-webm: 4f35f7cbe854078d1ac9338744f61a02 -> 
  custom:container-demuxer-ogg: 62fdf1f143b41e24485cea50d1cbac27 -> 
  custom:video-encoder-webm-vp8: eb34c28f22e8b96e1ab97ce403110664 -> 
  custom:video-codec-MediaFoundation-h265: 746d11721c4dcdbdad8f713fa42b33f4 -> 
  custom:video-decoder-webm-vp8: 9c59270c3fd7afecdb556c50c9e8de78 -> 
  custom:audio-decoder-ogg-vorbis: bf7c407c2cedff20999df2af8eb42d56 -> 
  custom:audio-encoder-webm-vorbis: bf7c407c2cedff20999df2af8eb42d56 -> 
========================================================================
Received Import Request.
  Time since last request: 207.081336 seconds.
  path: Assets/Prefabs/包子.prefab
  artifactKey: Guid(25504251438a6c1458bc142c3170ac68) Importer(815301076,1909f56bfc062723c751e8b465ee728b)
Start importing Assets/Prefabs/包子.prefab using Guid(25504251438a6c1458bc142c3170ac68) Importer(815301076,1909f56bfc062723c751e8b465ee728b)  -> (artifact id: 'ced0d0681d93adcf4b52df2e0498759d') in 0.052658 seconds 
========================================================================
Received Import Request.
  Time since last request: 0.000246 seconds.
  path: Assets/Prefabs/hotpot.prefab
  artifactKey: Guid(024483f068cf0b145911881e8958d511) Importer(815301076,1909f56bfc062723c751e8b465ee728b)
Start importing Assets/Prefabs/hotpot.prefab using Guid(024483f068cf0b145911881e8958d511) Importer(815301076,1909f56bfc062723c751e8b465ee728b)  -> (artifact id: 'fd37e63f889eda4784e56c8006a432b5') in 0.020218 seconds 
========================================================================
Received Import Request.
  Time since last request: 0.000260 seconds.
  path: Assets/Prefabs/饺子.prefab
  artifactKey: Guid(6a28310721d8ca54086c5c300a663b94) Importer(815301076,1909f56bfc062723c751e8b465ee728b)
Start importing Assets/Prefabs/饺子.prefab using Guid(6a28310721d8ca54086c5c300a663b94) Importer(815301076,1909f56bfc062723c751e8b465ee728b)  -> (artifact id: '020c482ed3f656aeed5af039ab9e0992') in 0.029759 seconds 
========================================================================
Received Import Request.
  Time since last request: 0.000221 seconds.
  path: Assets/Prefabs/糖葫芦.prefab
  artifactKey: Guid(d5e3dc92758004c448ebb9c91d4562cd) Importer(815301076,1909f56bfc062723c751e8b465ee728b)
Start importing Assets/Prefabs/糖葫芦.prefab using Guid(d5e3dc92758004c448ebb9c91d4562cd) Importer(815301076,1909f56bfc062723c751e8b465ee728b)  -> (artifact id: '3124c27b8352c104c726708c07c3eea7') in 0.016480 seconds 
========================================================================
Received Import Request.
  Time since last request: 0.000319 seconds.
  path: Assets/Prefabs/春卷.prefab
  artifactKey: Guid(e80fcfc9f70e2c640a4d22775c8860de) Importer(815301076,1909f56bfc062723c751e8b465ee728b)
Start importing Assets/Prefabs/春卷.prefab using Guid(e80fcfc9f70e2c640a4d22775c8860de) Importer(815301076,1909f56bfc062723c751e8b465ee728b)  -> (artifact id: '2b9edd35f33a24e7347644d56be17ca7') in 0.015335 seconds 
========================================================================
Received Prepare
Registering precompiled user dll's ...
Registered in 0.000631 seconds.
Begin MonoManager ReloadAssembly
Native extension for WindowsStandalone target not found
Native extension for OSXStandalone target not found
Native extension for WebGL target not found
Refreshing native plugins compatible for Editor in 0.14 ms, found 0 plugins.
Preloading 0 native plugins for Editor in 0.00 ms.
Mono: successfully reloaded assembly
- Completed reload, in  0.566 seconds
Domain Reload Profiling:
	ReloadAssembly (567ms)
		BeginReloadAssembly (113ms)
			ExecutionOrderSort (0ms)
			DisableScriptedObjects (7ms)
			BackupInstance (0ms)
			ReleaseScriptingObjects (0ms)
			CreateAndSetChildDomain (30ms)
		EndReloadAssembly (407ms)
			LoadAssemblies (79ms)
			RebuildTransferFunctionScriptingTraits (0ms)
			SetupTypeCache (125ms)
			ReleaseScriptCaches (0ms)
			RebuildScriptCaches (23ms)
			SetupLoadedEditorAssemblies (145ms)
				LogAssemblyErrors (0ms)
				InitializePlatformSupportModulesInManaged (5ms)
				SetLoadedEditorAssemblies (0ms)
				RefreshPlugins (0ms)
				BeforeProcessingInitializeOnLoad (56ms)
				ProcessInitializeOnLoadAttributes (71ms)
				ProcessInitializeOnLoadMethodAttributes (6ms)
				AfterProcessingInitializeOnLoad (5ms)
				EditorAssembliesLoaded (1ms)
			ExecutionOrderSort2 (0ms)
			AwakeInstancesAfterBackupRestoration (2ms)
Platform modules already initialized, skipping
Refreshing native plugins compatible for Editor in 0.35 ms, found 0 plugins.
Preloading 0 native plugins for Editor in 0.00 ms.
Unloading 649 Unused Serialized files (Serialized files now loaded: 0)
System memory in use before: 50.5 MB.
System memory in use after: 50.5 MB.

Unloading 5 unused Assets to reduce memory usage. Loaded Objects now: 1193.
Total: 2.943200 ms (FindLiveObjects: 0.099700 ms CreateObjectMapping: 0.027400 ms MarkObjects: 2.788400 ms  DeleteObjects: 0.026400 ms)

AssetImportParameters requested are different than current active one (requested -> active):
  custom:framework-win-MediaFoundation: 216162199b28c13a410421893ffa2e32 -> 
  custom:video-decoder-ogg-theora: a1e56fd34408186e4bbccfd4996cb3dc -> 
  custom:container-muxer-webm: aa71ff27fc2769a1b78a27578f13a17b -> 
  custom:container-demuxer-webm: 4f35f7cbe854078d1ac9338744f61a02 -> 
  custom:container-demuxer-ogg: 62fdf1f143b41e24485cea50d1cbac27 -> 
  custom:video-encoder-webm-vp8: eb34c28f22e8b96e1ab97ce403110664 -> 
  custom:video-codec-MediaFoundation-h265: 746d11721c4dcdbdad8f713fa42b33f4 -> 
  custom:video-decoder-webm-vp8: 9c59270c3fd7afecdb556c50c9e8de78 -> 
  custom:audio-decoder-ogg-vorbis: bf7c407c2cedff20999df2af8eb42d56 -> 
  custom:audio-encoder-webm-vorbis: bf7c407c2cedff20999df2af8eb42d56 -> 
========================================================================
Received Import Request.
  Time since last request: 35.439043 seconds.
  path: Assets/Textures/f1792dcf-10ea-4637-a5b9-89a51ceff88b.png
  artifactKey: Guid(d3bd11495ae64874196d6b1aa03c4b20) Importer(815301076,1909f56bfc062723c751e8b465ee728b)
Start importing Assets/Textures/f1792dcf-10ea-4637-a5b9-89a51ceff88b.png using Guid(d3bd11495ae64874196d6b1aa03c4b20) Importer(815301076,1909f56bfc062723c751e8b465ee728b)  -> (artifact id: 'b08ec00c2e1b54b8e89484be9e3837cb') in 0.051142 seconds 
========================================================================
Received Import Request.
  Time since last request: 89.392494 seconds.
  path: Assets/Prefabs/hotpot.prefab
  artifactKey: Guid(024483f068cf0b145911881e8958d511) Importer(815301076,1909f56bfc062723c751e8b465ee728b)
Start importing Assets/Prefabs/hotpot.prefab using Guid(024483f068cf0b145911881e8958d511) Importer(815301076,1909f56bfc062723c751e8b465ee728b)  -> (artifact id: 'd5a6ca3f76d321e93c50459cd9df78d9') in 0.037053 seconds 
========================================================================
Received Prepare
Registering precompiled user dll's ...
Registered in 0.001131 seconds.
Begin MonoManager ReloadAssembly
Native extension for WindowsStandalone target not found
Native extension for OSXStandalone target not found
Native extension for WebGL target not found
Refreshing native plugins compatible for Editor in 0.15 ms, found 0 plugins.
Preloading 0 native plugins for Editor in 0.00 ms.
Mono: successfully reloaded assembly
- Completed reload, in  0.536 seconds
Domain Reload Profiling:
	ReloadAssembly (537ms)
		BeginReloadAssembly (95ms)
			ExecutionOrderSort (0ms)
			DisableScriptedObjects (4ms)
			BackupInstance (0ms)
			ReleaseScriptingObjects (0ms)
			CreateAndSetChildDomain (20ms)
		EndReloadAssembly (391ms)
			LoadAssemblies (77ms)
			RebuildTransferFunctionScriptingTraits (0ms)
			SetupTypeCache (118ms)
			ReleaseScriptCaches (0ms)
			RebuildScriptCaches (20ms)
			SetupLoadedEditorAssemblies (139ms)
				LogAssemblyErrors (0ms)
				InitializePlatformSupportModulesInManaged (5ms)
				SetLoadedEditorAssemblies (0ms)
				RefreshPlugins (0ms)
				BeforeProcessingInitializeOnLoad (54ms)
				ProcessInitializeOnLoadAttributes (68ms)
				ProcessInitializeOnLoadMethodAttributes (7ms)
				AfterProcessingInitializeOnLoad (5ms)
				EditorAssembliesLoaded (0ms)
			ExecutionOrderSort2 (0ms)
			AwakeInstancesAfterBackupRestoration (1ms)
Platform modules already initialized, skipping
Refreshing native plugins compatible for Editor in 0.45 ms, found 0 plugins.
Preloading 0 native plugins for Editor in 0.00 ms.
Unloading 649 Unused Serialized files (Serialized files now loaded: 0)
System memory in use before: 50.4 MB.
System memory in use after: 50.5 MB.

Unloading 5 unused Assets to reduce memory usage. Loaded Objects now: 1197.
Total: 2.149000 ms (FindLiveObjects: 0.107000 ms CreateObjectMapping: 0.018100 ms MarkObjects: 1.996900 ms  DeleteObjects: 0.026000 ms)

AssetImportParameters requested are different than current active one (requested -> active):
  custom:framework-win-MediaFoundation: 216162199b28c13a410421893ffa2e32 -> 
  custom:video-decoder-ogg-theora: a1e56fd34408186e4bbccfd4996cb3dc -> 
  custom:container-muxer-webm: aa71ff27fc2769a1b78a27578f13a17b -> 
  custom:container-demuxer-webm: 4f35f7cbe854078d1ac9338744f61a02 -> 
  custom:container-demuxer-ogg: 62fdf1f143b41e24485cea50d1cbac27 -> 
  custom:video-encoder-webm-vp8: eb34c28f22e8b96e1ab97ce403110664 -> 
  custom:video-codec-MediaFoundation-h265: 746d11721c4dcdbdad8f713fa42b33f4 -> 
  custom:video-decoder-webm-vp8: 9c59270c3fd7afecdb556c50c9e8de78 -> 
  custom:audio-decoder-ogg-vorbis: bf7c407c2cedff20999df2af8eb42d56 -> 
  custom:audio-encoder-webm-vorbis: bf7c407c2cedff20999df2af8eb42d56 -> 
========================================================================
Received Import Request.
  Time since last request: 22.356386 seconds.
  path: Assets/Prefabs/hotpot.prefab
  artifactKey: Guid(024483f068cf0b145911881e8958d511) Importer(815301076,1909f56bfc062723c751e8b465ee728b)
Start importing Assets/Prefabs/hotpot.prefab using Guid(024483f068cf0b145911881e8958d511) Importer(815301076,1909f56bfc062723c751e8b465ee728b)  -> (artifact id: 'b43c98891ee165fd48cec0c5c5e94c0f') in 0.053388 seconds 
========================================================================
Received Import Request.
  Time since last request: 14.651361 seconds.
  path: Assets/Prefabs/hotpot.prefab
  artifactKey: Guid(024483f068cf0b145911881e8958d511) Importer(815301076,1909f56bfc062723c751e8b465ee728b)
Start importing Assets/Prefabs/hotpot.prefab using Guid(024483f068cf0b145911881e8958d511) Importer(815301076,1909f56bfc062723c751e8b465ee728b)  -> (artifact id: '1e80792de62f1dc9183dc95fe3377819') in 0.042161 seconds 
========================================================================
Received Prepare
Registering precompiled user dll's ...
Registered in 0.000722 seconds.
Begin MonoManager ReloadAssembly
Native extension for WindowsStandalone target not found
Native extension for OSXStandalone target not found
Native extension for WebGL target not found
Refreshing native plugins compatible for Editor in 0.15 ms, found 0 plugins.
Preloading 0 native plugins for Editor in 0.00 ms.
Mono: successfully reloaded assembly
- Completed reload, in  0.534 seconds
Domain Reload Profiling:
	ReloadAssembly (534ms)
		BeginReloadAssembly (87ms)
			ExecutionOrderSort (0ms)
			DisableScriptedObjects (3ms)
			BackupInstance (0ms)
			ReleaseScriptingObjects (0ms)
			CreateAndSetChildDomain (20ms)
		EndReloadAssembly (400ms)
			LoadAssemblies (69ms)
			RebuildTransferFunctionScriptingTraits (0ms)
			SetupTypeCache (115ms)
			ReleaseScriptCaches (0ms)
			RebuildScriptCaches (20ms)
			SetupLoadedEditorAssemblies (153ms)
				LogAssemblyErrors (0ms)
				InitializePlatformSupportModulesInManaged (5ms)
				SetLoadedEditorAssemblies (0ms)
				RefreshPlugins (0ms)
				BeforeProcessingInitializeOnLoad (61ms)
				ProcessInitializeOnLoadAttributes (74ms)
				ProcessInitializeOnLoadMethodAttributes (8ms)
				AfterProcessingInitializeOnLoad (5ms)
				EditorAssembliesLoaded (0ms)
			ExecutionOrderSort2 (0ms)
			AwakeInstancesAfterBackupRestoration (1ms)
Platform modules already initialized, skipping
Refreshing native plugins compatible for Editor in 0.34 ms, found 0 plugins.
Preloading 0 native plugins for Editor in 0.00 ms.
Unloading 649 Unused Serialized files (Serialized files now loaded: 0)
System memory in use before: 50.5 MB.
System memory in use after: 50.5 MB.

Unloading 5 unused Assets to reduce memory usage. Loaded Objects now: 1201.
Total: 2.432000 ms (FindLiveObjects: 0.093500 ms CreateObjectMapping: 0.016400 ms MarkObjects: 2.282500 ms  DeleteObjects: 0.038600 ms)

AssetImportParameters requested are different than current active one (requested -> active):
  custom:framework-win-MediaFoundation: 216162199b28c13a410421893ffa2e32 -> 
  custom:video-decoder-ogg-theora: a1e56fd34408186e4bbccfd4996cb3dc -> 
  custom:container-muxer-webm: aa71ff27fc2769a1b78a27578f13a17b -> 
  custom:container-demuxer-webm: 4f35f7cbe854078d1ac9338744f61a02 -> 
  custom:container-demuxer-ogg: 62fdf1f143b41e24485cea50d1cbac27 -> 
  custom:video-encoder-webm-vp8: eb34c28f22e8b96e1ab97ce403110664 -> 
  custom:video-codec-MediaFoundation-h265: 746d11721c4dcdbdad8f713fa42b33f4 -> 
  custom:video-decoder-webm-vp8: 9c59270c3fd7afecdb556c50c9e8de78 -> 
  custom:audio-decoder-ogg-vorbis: bf7c407c2cedff20999df2af8eb42d56 -> 
  custom:audio-encoder-webm-vorbis: bf7c407c2cedff20999df2af8eb42d56 -> 
========================================================================
Received Import Request.
  Time since last request: 227.061645 seconds.
  path: Assets/Prefabs/包子.prefab
  artifactKey: Guid(25504251438a6c1458bc142c3170ac68) Importer(815301076,1909f56bfc062723c751e8b465ee728b)
Start importing Assets/Prefabs/包子.prefab using Guid(25504251438a6c1458bc142c3170ac68) Importer(815301076,1909f56bfc062723c751e8b465ee728b)  -> (artifact id: '3bb44c0dba28d19bd84fe5caf9eaa713') in 0.050601 seconds 
========================================================================
Received Import Request.
  Time since last request: 0.000252 seconds.
  path: Assets/Prefabs/hotpot.prefab
  artifactKey: Guid(024483f068cf0b145911881e8958d511) Importer(815301076,1909f56bfc062723c751e8b465ee728b)
Start importing Assets/Prefabs/hotpot.prefab using Guid(024483f068cf0b145911881e8958d511) Importer(815301076,1909f56bfc062723c751e8b465ee728b)  -> (artifact id: 'c9535a01829435fd1e1825b8abf85f8a') in 0.025666 seconds 
========================================================================
Received Import Request.
  Time since last request: 0.000388 seconds.
  path: Assets/Prefabs/饺子.prefab
  artifactKey: Guid(6a28310721d8ca54086c5c300a663b94) Importer(815301076,1909f56bfc062723c751e8b465ee728b)
Start importing Assets/Prefabs/饺子.prefab using Guid(6a28310721d8ca54086c5c300a663b94) Importer(815301076,1909f56bfc062723c751e8b465ee728b)  -> (artifact id: 'b5d2e65ce1623e5e9e0d22ab1390b2c5') in 0.027784 seconds 
========================================================================
Received Import Request.
  Time since last request: 0.000402 seconds.
  path: Assets/Prefabs/糖葫芦.prefab
  artifactKey: Guid(d5e3dc92758004c448ebb9c91d4562cd) Importer(815301076,1909f56bfc062723c751e8b465ee728b)
Start importing Assets/Prefabs/糖葫芦.prefab using Guid(d5e3dc92758004c448ebb9c91d4562cd) Importer(815301076,1909f56bfc062723c751e8b465ee728b)  -> (artifact id: 'c672982de0a24b403a80ecfd461e0252') in 0.014398 seconds 
========================================================================
Received Import Request.
  Time since last request: 0.000337 seconds.
  path: Assets/Prefabs/春卷.prefab
  artifactKey: Guid(e80fcfc9f70e2c640a4d22775c8860de) Importer(815301076,1909f56bfc062723c751e8b465ee728b)
Start importing Assets/Prefabs/春卷.prefab using Guid(e80fcfc9f70e2c640a4d22775c8860de) Importer(815301076,1909f56bfc062723c751e8b465ee728b)  -> (artifact id: '3cc7ea70060552efe2a8228c413963a3') in 0.015120 seconds 
========================================================================
Received Import Request.
  Time since last request: 45.129764 seconds.
  path: Assets/Prefabs/hotpot.prefab
  artifactKey: Guid(024483f068cf0b145911881e8958d511) Importer(815301076,1909f56bfc062723c751e8b465ee728b)
Start importing Assets/Prefabs/hotpot.prefab using Guid(024483f068cf0b145911881e8958d511) Importer(815301076,1909f56bfc062723c751e8b465ee728b)  -> (artifact id: 'bda3ce3d7ac140d69266b9df35c89bec') in 0.036704 seconds 
========================================================================
Received Import Request.
  Time since last request: 0.000306 seconds.
  path: Assets/Prefabs/包子.prefab
  artifactKey: Guid(25504251438a6c1458bc142c3170ac68) Importer(815301076,1909f56bfc062723c751e8b465ee728b)
Start importing Assets/Prefabs/包子.prefab using Guid(25504251438a6c1458bc142c3170ac68) Importer(815301076,1909f56bfc062723c751e8b465ee728b)  -> (artifact id: 'a6a04867f4cba2c4d0b354bec6043c7f') in 0.013995 seconds 
========================================================================
Received Import Request.
  Time since last request: 0.000210 seconds.
  path: Assets/Prefabs/饺子.prefab
  artifactKey: Guid(6a28310721d8ca54086c5c300a663b94) Importer(815301076,1909f56bfc062723c751e8b465ee728b)
Start importing Assets/Prefabs/饺子.prefab using Guid(6a28310721d8ca54086c5c300a663b94) Importer(815301076,1909f56bfc062723c751e8b465ee728b)  -> (artifact id: 'eeff114859e0ebbe3c6b9ccbc07e1342') in 0.020696 seconds 
========================================================================
Received Import Request.
  Time since last request: 0.000235 seconds.
  path: Assets/Prefabs/糖葫芦.prefab
  artifactKey: Guid(d5e3dc92758004c448ebb9c91d4562cd) Importer(815301076,1909f56bfc062723c751e8b465ee728b)
Start importing Assets/Prefabs/糖葫芦.prefab using Guid(d5e3dc92758004c448ebb9c91d4562cd) Importer(815301076,1909f56bfc062723c751e8b465ee728b)  -> (artifact id: 'a4c4d0d0605fde567bd7aafcece6a949') in 0.017814 seconds 
========================================================================
Received Import Request.
  Time since last request: 0.000301 seconds.
  path: Assets/Prefabs/春卷.prefab
  artifactKey: Guid(e80fcfc9f70e2c640a4d22775c8860de) Importer(815301076,1909f56bfc062723c751e8b465ee728b)
Start importing Assets/Prefabs/春卷.prefab using Guid(e80fcfc9f70e2c640a4d22775c8860de) Importer(815301076,1909f56bfc062723c751e8b465ee728b)  -> (artifact id: '9fd15500c665f00f1e3a1f06379e819e') in 0.015696 seconds 
========================================================================
Received Import Request.
  Time since last request: 22.066028 seconds.
  path: Assets/Prefabs/包子.prefab
  artifactKey: Guid(25504251438a6c1458bc142c3170ac68) Importer(815301076,1909f56bfc062723c751e8b465ee728b)
Start importing Assets/Prefabs/包子.prefab using Guid(25504251438a6c1458bc142c3170ac68) Importer(815301076,1909f56bfc062723c751e8b465ee728b)  -> (artifact id: '344973b76e9a5b5891a8ad7dc50376ab') in 0.023948 seconds 
========================================================================
Received Import Request.
  Time since last request: 0.000267 seconds.
  path: Assets/Prefabs/hotpot.prefab
  artifactKey: Guid(024483f068cf0b145911881e8958d511) Importer(815301076,1909f56bfc062723c751e8b465ee728b)
Start importing Assets/Prefabs/hotpot.prefab using Guid(024483f068cf0b145911881e8958d511) Importer(815301076,1909f56bfc062723c751e8b465ee728b)  -> (artifact id: '028cbc984876ed5329af5c541d6bff8b') in 0.044081 seconds 
========================================================================
Received Import Request.
  Time since last request: 0.000252 seconds.
  path: Assets/Prefabs/饺子.prefab
  artifactKey: Guid(6a28310721d8ca54086c5c300a663b94) Importer(815301076,1909f56bfc062723c751e8b465ee728b)
Start importing Assets/Prefabs/饺子.prefab using Guid(6a28310721d8ca54086c5c300a663b94) Importer(815301076,1909f56bfc062723c751e8b465ee728b)  -> (artifact id: '8cc5df83c3cdb8b26e1aaf9f8822d4fd') in 0.024590 seconds 
========================================================================
Received Import Request.
  Time since last request: 0.000290 seconds.
  path: Assets/Prefabs/糖葫芦.prefab
  artifactKey: Guid(d5e3dc92758004c448ebb9c91d4562cd) Importer(815301076,1909f56bfc062723c751e8b465ee728b)
Start importing Assets/Prefabs/糖葫芦.prefab using Guid(d5e3dc92758004c448ebb9c91d4562cd) Importer(815301076,1909f56bfc062723c751e8b465ee728b)  -> (artifact id: '4418d7917804100883b6595a2db7f45e') in 0.041327 seconds 
========================================================================
Received Import Request.
  Time since last request: 0.000251 seconds.
  path: Assets/Prefabs/春卷.prefab
  artifactKey: Guid(e80fcfc9f70e2c640a4d22775c8860de) Importer(815301076,1909f56bfc062723c751e8b465ee728b)
Start importing Assets/Prefabs/春卷.prefab using Guid(e80fcfc9f70e2c640a4d22775c8860de) Importer(815301076,1909f56bfc062723c751e8b465ee728b)  -> (artifact id: '5e733ec3fd04d5ba4a77ad5b026579a7') in 0.023597 seconds 
========================================================================
Received Import Request.
  Time since last request: 2.314083 seconds.
  path: Assets/Prefabs/hotpot.prefab
  artifactKey: Guid(024483f068cf0b145911881e8958d511) Importer(815301076,1909f56bfc062723c751e8b465ee728b)
Start importing Assets/Prefabs/hotpot.prefab using Guid(024483f068cf0b145911881e8958d511) Importer(815301076,1909f56bfc062723c751e8b465ee728b)  -> (artifact id: '12ba3cf06af3fbff982a2601a4e58e7a') in 0.017744 seconds 
========================================================================
Received Import Request.
  Time since last request: 0.000301 seconds.
  path: Assets/Prefabs/包子.prefab
  artifactKey: Guid(25504251438a6c1458bc142c3170ac68) Importer(815301076,1909f56bfc062723c751e8b465ee728b)
Start importing Assets/Prefabs/包子.prefab using Guid(25504251438a6c1458bc142c3170ac68) Importer(815301076,1909f56bfc062723c751e8b465ee728b)  -> (artifact id: 'df9f5e5b24fbe4e9f52fe10c9d5a60c0') in 0.015672 seconds 
========================================================================
Received Import Request.
  Time since last request: 0.000293 seconds.
  path: Assets/Prefabs/饺子.prefab
  artifactKey: Guid(6a28310721d8ca54086c5c300a663b94) Importer(815301076,1909f56bfc062723c751e8b465ee728b)
Start importing Assets/Prefabs/饺子.prefab using Guid(6a28310721d8ca54086c5c300a663b94) Importer(815301076,1909f56bfc062723c751e8b465ee728b)  -> (artifact id: 'b782902425f29ab15b770987ecb0bf16') in 0.018226 seconds 
========================================================================
Received Import Request.
  Time since last request: 0.000334 seconds.
  path: Assets/Prefabs/糖葫芦.prefab
  artifactKey: Guid(d5e3dc92758004c448ebb9c91d4562cd) Importer(815301076,1909f56bfc062723c751e8b465ee728b)
Start importing Assets/Prefabs/糖葫芦.prefab using Guid(d5e3dc92758004c448ebb9c91d4562cd) Importer(815301076,1909f56bfc062723c751e8b465ee728b)  -> (artifact id: 'df4512b577387eb7f08275128f59c317') in 0.019731 seconds 
========================================================================
Received Import Request.
  Time since last request: 0.000297 seconds.
  path: Assets/Prefabs/春卷.prefab
  artifactKey: Guid(e80fcfc9f70e2c640a4d22775c8860de) Importer(815301076,1909f56bfc062723c751e8b465ee728b)
Start importing Assets/Prefabs/春卷.prefab using Guid(e80fcfc9f70e2c640a4d22775c8860de) Importer(815301076,1909f56bfc062723c751e8b465ee728b)  -> (artifact id: '157b915c9c2d72b1ed1b5648fde0f1f3') in 0.017312 seconds 
========================================================================
Received Import Request.
  Time since last request: 23.855580 seconds.
  path: Assets/Prefabs/Bomb.prefab
  artifactKey: Guid(d99c48bb415f49e47980e58f71e639bb) Importer(815301076,1909f56bfc062723c751e8b465ee728b)
Start importing Assets/Prefabs/Bomb.prefab using Guid(d99c48bb415f49e47980e58f71e639bb) Importer(815301076,1909f56bfc062723c751e8b465ee728b)  -> (artifact id: '227371ae87cb1477ee5a308ffc41692e') in 0.012606 seconds 
========================================================================
Received Import Request.
  Time since last request: 2.313150 seconds.
  path: Assets/Prefabs/Bomb.prefab
  artifactKey: Guid(d99c48bb415f49e47980e58f71e639bb) Importer(815301076,1909f56bfc062723c751e8b465ee728b)
Start importing Assets/Prefabs/Bomb.prefab using Guid(d99c48bb415f49e47980e58f71e639bb) Importer(815301076,1909f56bfc062723c751e8b465ee728b)  -> (artifact id: '0ad8e53b8ab070c1af3ebc61c4d9bc4d') in 0.012540 seconds 
========================================================================
Received Import Request.
  Time since last request: 1.833899 seconds.
  path: Assets/Prefabs/Bomb.prefab
  artifactKey: Guid(d99c48bb415f49e47980e58f71e639bb) Importer(815301076,1909f56bfc062723c751e8b465ee728b)
Start importing Assets/Prefabs/Bomb.prefab using Guid(d99c48bb415f49e47980e58f71e639bb) Importer(815301076,1909f56bfc062723c751e8b465ee728b)  -> (artifact id: '3411702b0e7b3b9650d04222232b9fdb') in 0.012113 seconds 
========================================================================
Received Prepare
Registering precompiled user dll's ...
Registered in 0.000658 seconds.
Begin MonoManager ReloadAssembly
Native extension for WindowsStandalone target not found
Native extension for OSXStandalone target not found
Native extension for WebGL target not found
Refreshing native plugins compatible for Editor in 0.14 ms, found 0 plugins.
Preloading 0 native plugins for Editor in 0.00 ms.
Mono: successfully reloaded assembly
- Completed reload, in  0.562 seconds
Domain Reload Profiling:
	ReloadAssembly (562ms)
		BeginReloadAssembly (95ms)
			ExecutionOrderSort (0ms)
			DisableScriptedObjects (4ms)
			BackupInstance (0ms)
			ReleaseScriptingObjects (0ms)
			CreateAndSetChildDomain (21ms)
		EndReloadAssembly (416ms)
			LoadAssemblies (77ms)
			RebuildTransferFunctionScriptingTraits (0ms)
			SetupTypeCache (128ms)
			ReleaseScriptCaches (0ms)
			RebuildScriptCaches (22ms)
			SetupLoadedEditorAssemblies (152ms)
				LogAssemblyErrors (0ms)
				InitializePlatformSupportModulesInManaged (6ms)
				SetLoadedEditorAssemblies (0ms)
				RefreshPlugins (0ms)
				BeforeProcessingInitializeOnLoad (57ms)
				ProcessInitializeOnLoadAttributes (75ms)
				ProcessInitializeOnLoadMethodAttributes (7ms)
				AfterProcessingInitializeOnLoad (6ms)
				EditorAssembliesLoaded (0ms)
			ExecutionOrderSort2 (0ms)
			AwakeInstancesAfterBackupRestoration (2ms)
Platform modules already initialized, skipping
Refreshing native plugins compatible for Editor in 0.32 ms, found 0 plugins.
Preloading 0 native plugins for Editor in 0.00 ms.
Unloading 649 Unused Serialized files (Serialized files now loaded: 0)
System memory in use before: 50.5 MB.
System memory in use after: 50.5 MB.

Unloading 5 unused Assets to reduce memory usage. Loaded Objects now: 1205.
Total: 2.297800 ms (FindLiveObjects: 0.086000 ms CreateObjectMapping: 0.016300 ms MarkObjects: 2.165800 ms  DeleteObjects: 0.028200 ms)

AssetImportParameters requested are different than current active one (requested -> active):
  custom:framework-win-MediaFoundation: 216162199b28c13a410421893ffa2e32 -> 
  custom:video-decoder-ogg-theora: a1e56fd34408186e4bbccfd4996cb3dc -> 
  custom:container-muxer-webm: aa71ff27fc2769a1b78a27578f13a17b -> 
  custom:container-demuxer-webm: 4f35f7cbe854078d1ac9338744f61a02 -> 
  custom:container-demuxer-ogg: 62fdf1f143b41e24485cea50d1cbac27 -> 
  custom:video-encoder-webm-vp8: eb34c28f22e8b96e1ab97ce403110664 -> 
  custom:video-codec-MediaFoundation-h265: 746d11721c4dcdbdad8f713fa42b33f4 -> 
  custom:video-decoder-webm-vp8: 9c59270c3fd7afecdb556c50c9e8de78 -> 
  custom:audio-decoder-ogg-vorbis: bf7c407c2cedff20999df2af8eb42d56 -> 
  custom:audio-encoder-webm-vorbis: bf7c407c2cedff20999df2af8eb42d56 -> 
========================================================================
Received Import Request.
  Time since last request: 50.938755 seconds.
  path: Assets/Prefabs/Bomb.prefab
  artifactKey: Guid(d99c48bb415f49e47980e58f71e639bb) Importer(815301076,1909f56bfc062723c751e8b465ee728b)
Start importing Assets/Prefabs/Bomb.prefab using Guid(d99c48bb415f49e47980e58f71e639bb) Importer(815301076,1909f56bfc062723c751e8b465ee728b)  -> (artifact id: '612c75e5137dc03308a09eeeba557634') in 0.047329 seconds 
========================================================================
Received Import Request.
  Time since last request: 18.386464 seconds.
  path: Assets/Prefabs/Bomb.prefab
  artifactKey: Guid(d99c48bb415f49e47980e58f71e639bb) Importer(815301076,1909f56bfc062723c751e8b465ee728b)
Start importing Assets/Prefabs/Bomb.prefab using Guid(d99c48bb415f49e47980e58f71e639bb) Importer(815301076,1909f56bfc062723c751e8b465ee728b)  -> (artifact id: '4598cf04fb56563dbb7c3d925e27fc7d') in 0.012185 seconds 
========================================================================
Received Import Request.
  Time since last request: 3.205549 seconds.
  path: Assets/Prefabs/hotpot.prefab
  artifactKey: Guid(024483f068cf0b145911881e8958d511) Importer(815301076,1909f56bfc062723c751e8b465ee728b)
Start importing Assets/Prefabs/hotpot.prefab using Guid(024483f068cf0b145911881e8958d511) Importer(815301076,1909f56bfc062723c751e8b465ee728b)  -> (artifact id: '1289194f539e63f3aebde566ac878dfc') in 0.024201 seconds 
========================================================================
Received Import Request.
  Time since last request: 0.000323 seconds.
  path: Assets/Prefabs/包子.prefab
  artifactKey: Guid(25504251438a6c1458bc142c3170ac68) Importer(815301076,1909f56bfc062723c751e8b465ee728b)
Start importing Assets/Prefabs/包子.prefab using Guid(25504251438a6c1458bc142c3170ac68) Importer(815301076,1909f56bfc062723c751e8b465ee728b)  -> (artifact id: 'ae1c4169c7f349ab1724df0dc4bbbb50') in 0.038078 seconds 
========================================================================
Received Import Request.
  Time since last request: 0.000328 seconds.
  path: Assets/Prefabs/饺子.prefab
  artifactKey: Guid(6a28310721d8ca54086c5c300a663b94) Importer(815301076,1909f56bfc062723c751e8b465ee728b)
Start importing Assets/Prefabs/饺子.prefab using Guid(6a28310721d8ca54086c5c300a663b94) Importer(815301076,1909f56bfc062723c751e8b465ee728b)  -> (artifact id: '5e9feeb6c8e1b406a4db5a69ff96d9a9') in 0.016962 seconds 
========================================================================
Received Import Request.
  Time since last request: 0.000264 seconds.
  path: Assets/Prefabs/糖葫芦.prefab
  artifactKey: Guid(d5e3dc92758004c448ebb9c91d4562cd) Importer(815301076,1909f56bfc062723c751e8b465ee728b)
Start importing Assets/Prefabs/糖葫芦.prefab using Guid(d5e3dc92758004c448ebb9c91d4562cd) Importer(815301076,1909f56bfc062723c751e8b465ee728b)  -> (artifact id: '5a83ea14e651a44abbfc859a07f4da88') in 0.015508 seconds 
========================================================================
Received Import Request.
  Time since last request: 0.000282 seconds.
  path: Assets/Prefabs/春卷.prefab
  artifactKey: Guid(e80fcfc9f70e2c640a4d22775c8860de) Importer(815301076,1909f56bfc062723c751e8b465ee728b)
Start importing Assets/Prefabs/春卷.prefab using Guid(e80fcfc9f70e2c640a4d22775c8860de) Importer(815301076,1909f56bfc062723c751e8b465ee728b)  -> (artifact id: '690fb287f48d1d938cea1226d38325a5') in 0.016454 seconds 
========================================================================
Received Import Request.
  Time since last request: 6.284405 seconds.
  path: Assets/Prefabs/hotpot.prefab
  artifactKey: Guid(024483f068cf0b145911881e8958d511) Importer(815301076,1909f56bfc062723c751e8b465ee728b)
Start importing Assets/Prefabs/hotpot.prefab using Guid(024483f068cf0b145911881e8958d511) Importer(815301076,1909f56bfc062723c751e8b465ee728b)  -> (artifact id: 'dffc6b64756e48ae94449c81f9d1c9c6') in 0.023884 seconds 
========================================================================
Received Import Request.
  Time since last request: 0.000205 seconds.
  path: Assets/Prefabs/包子.prefab
  artifactKey: Guid(25504251438a6c1458bc142c3170ac68) Importer(815301076,1909f56bfc062723c751e8b465ee728b)
Start importing Assets/Prefabs/包子.prefab using Guid(25504251438a6c1458bc142c3170ac68) Importer(815301076,1909f56bfc062723c751e8b465ee728b)  -> (artifact id: '150299f913a5baa85488f0d9537dcaa7') in 0.018245 seconds 
========================================================================
Received Import Request.
  Time since last request: 0.000255 seconds.
  path: Assets/Prefabs/饺子.prefab
  artifactKey: Guid(6a28310721d8ca54086c5c300a663b94) Importer(815301076,1909f56bfc062723c751e8b465ee728b)
Start importing Assets/Prefabs/饺子.prefab using Guid(6a28310721d8ca54086c5c300a663b94) Importer(815301076,1909f56bfc062723c751e8b465ee728b)  -> (artifact id: '8302633ca134a097295239c5d1b8b7db') in 0.017031 seconds 
========================================================================
Received Import Request.
  Time since last request: 0.000285 seconds.
  path: Assets/Prefabs/糖葫芦.prefab
  artifactKey: Guid(d5e3dc92758004c448ebb9c91d4562cd) Importer(815301076,1909f56bfc062723c751e8b465ee728b)
Start importing Assets/Prefabs/糖葫芦.prefab using Guid(d5e3dc92758004c448ebb9c91d4562cd) Importer(815301076,1909f56bfc062723c751e8b465ee728b)  -> (artifact id: 'f2e66e666c08610840481bd291597af0') in 0.015968 seconds 
========================================================================
Received Import Request.
  Time since last request: 0.000328 seconds.
  path: Assets/Prefabs/春卷.prefab
  artifactKey: Guid(e80fcfc9f70e2c640a4d22775c8860de) Importer(815301076,1909f56bfc062723c751e8b465ee728b)
Start importing Assets/Prefabs/春卷.prefab using Guid(e80fcfc9f70e2c640a4d22775c8860de) Importer(815301076,1909f56bfc062723c751e8b465ee728b)  -> (artifact id: '603f3a597704a3b24cd4f49905c22b35') in 0.016368 seconds 
========================================================================
Received Prepare
Registering precompiled user dll's ...
Registered in 0.001409 seconds.
Begin MonoManager ReloadAssembly
Native extension for WindowsStandalone target not found
Native extension for OSXStandalone target not found
Native extension for WebGL target not found
Refreshing native plugins compatible for Editor in 0.14 ms, found 0 plugins.
Preloading 0 native plugins for Editor in 0.00 ms.
Mono: successfully reloaded assembly
- Completed reload, in  0.534 seconds
Domain Reload Profiling:
	ReloadAssembly (535ms)
		BeginReloadAssembly (91ms)
			ExecutionOrderSort (0ms)
			DisableScriptedObjects (4ms)
			BackupInstance (0ms)
			ReleaseScriptingObjects (0ms)
			CreateAndSetChildDomain (20ms)
		EndReloadAssembly (397ms)
			LoadAssemblies (72ms)
			RebuildTransferFunctionScriptingTraits (0ms)
			SetupTypeCache (121ms)
			ReleaseScriptCaches (0ms)
			RebuildScriptCaches (21ms)
			SetupLoadedEditorAssemblies (140ms)
				LogAssemblyErrors (0ms)
				InitializePlatformSupportModulesInManaged (5ms)
				SetLoadedEditorAssemblies (0ms)
				RefreshPlugins (0ms)
				BeforeProcessingInitializeOnLoad (54ms)
				ProcessInitializeOnLoadAttributes (70ms)
				ProcessInitializeOnLoadMethodAttributes (7ms)
				AfterProcessingInitializeOnLoad (5ms)
				EditorAssembliesLoaded (0ms)
			ExecutionOrderSort2 (0ms)
			AwakeInstancesAfterBackupRestoration (1ms)
Platform modules already initialized, skipping
Refreshing native plugins compatible for Editor in 0.38 ms, found 0 plugins.
Preloading 0 native plugins for Editor in 0.00 ms.
Unloading 649 Unused Serialized files (Serialized files now loaded: 0)
System memory in use before: 50.5 MB.
System memory in use after: 50.6 MB.

Unloading 5 unused Assets to reduce memory usage. Loaded Objects now: 1209.
Total: 2.367100 ms (FindLiveObjects: 0.136600 ms CreateObjectMapping: 0.024600 ms MarkObjects: 2.172800 ms  DeleteObjects: 0.030100 ms)

AssetImportParameters requested are different than current active one (requested -> active):
  custom:framework-win-MediaFoundation: 216162199b28c13a410421893ffa2e32 -> 
  custom:video-decoder-ogg-theora: a1e56fd34408186e4bbccfd4996cb3dc -> 
  custom:container-muxer-webm: aa71ff27fc2769a1b78a27578f13a17b -> 
  custom:container-demuxer-webm: 4f35f7cbe854078d1ac9338744f61a02 -> 
  custom:container-demuxer-ogg: 62fdf1f143b41e24485cea50d1cbac27 -> 
  custom:video-encoder-webm-vp8: eb34c28f22e8b96e1ab97ce403110664 -> 
  custom:video-codec-MediaFoundation-h265: 746d11721c4dcdbdad8f713fa42b33f4 -> 
  custom:video-decoder-webm-vp8: 9c59270c3fd7afecdb556c50c9e8de78 -> 
  custom:audio-decoder-ogg-vorbis: bf7c407c2cedff20999df2af8eb42d56 -> 
  custom:audio-encoder-webm-vorbis: bf7c407c2cedff20999df2af8eb42d56 -> 
========================================================================
Received Prepare
Registering precompiled user dll's ...
Registered in 0.000630 seconds.
Begin MonoManager ReloadAssembly
Native extension for WindowsStandalone target not found
Native extension for OSXStandalone target not found
Native extension for WebGL target not found
Refreshing native plugins compatible for Editor in 0.14 ms, found 0 plugins.
Preloading 0 native plugins for Editor in 0.00 ms.
Mono: successfully reloaded assembly
- Completed reload, in  0.557 seconds
Domain Reload Profiling:
	ReloadAssembly (557ms)
		BeginReloadAssembly (89ms)
			ExecutionOrderSort (0ms)
			DisableScriptedObjects (5ms)
			BackupInstance (0ms)
			ReleaseScriptingObjects (0ms)
			CreateAndSetChildDomain (22ms)
		EndReloadAssembly (421ms)
			LoadAssemblies (71ms)
			RebuildTransferFunctionScriptingTraits (0ms)
			SetupTypeCache (129ms)
			ReleaseScriptCaches (1ms)
			RebuildScriptCaches (22ms)
			SetupLoadedEditorAssemblies (150ms)
				LogAssemblyErrors (0ms)
				InitializePlatformSupportModulesInManaged (5ms)
				SetLoadedEditorAssemblies (1ms)
				RefreshPlugins (0ms)
				BeforeProcessingInitializeOnLoad (59ms)
				ProcessInitializeOnLoadAttributes (74ms)
				ProcessInitializeOnLoadMethodAttributes (6ms)
				AfterProcessingInitializeOnLoad (5ms)
				EditorAssembliesLoaded (0ms)
			ExecutionOrderSort2 (0ms)
			AwakeInstancesAfterBackupRestoration (2ms)
Platform modules already initialized, skipping
Refreshing native plugins compatible for Editor in 0.37 ms, found 0 plugins.
Preloading 0 native plugins for Editor in 0.00 ms.
Unloading 649 Unused Serialized files (Serialized files now loaded: 0)
System memory in use before: 50.5 MB.
System memory in use after: 50.5 MB.

Unloading 4 unused Assets to reduce memory usage. Loaded Objects now: 1212.
Total: 3.219200 ms (FindLiveObjects: 0.108700 ms CreateObjectMapping: 0.027300 ms MarkObjects: 3.061100 ms  DeleteObjects: 0.020700 ms)

AssetImportParameters requested are different than current active one (requested -> active):
  custom:framework-win-MediaFoundation: 216162199b28c13a410421893ffa2e32 -> 
  custom:video-decoder-ogg-theora: a1e56fd34408186e4bbccfd4996cb3dc -> 
  custom:container-muxer-webm: aa71ff27fc2769a1b78a27578f13a17b -> 
  custom:container-demuxer-webm: 4f35f7cbe854078d1ac9338744f61a02 -> 
  custom:container-demuxer-ogg: 62fdf1f143b41e24485cea50d1cbac27 -> 
  custom:video-encoder-webm-vp8: eb34c28f22e8b96e1ab97ce403110664 -> 
  custom:video-codec-MediaFoundation-h265: 746d11721c4dcdbdad8f713fa42b33f4 -> 
  custom:video-decoder-webm-vp8: 9c59270c3fd7afecdb556c50c9e8de78 -> 
  custom:audio-decoder-ogg-vorbis: bf7c407c2cedff20999df2af8eb42d56 -> 
  custom:audio-encoder-webm-vorbis: bf7c407c2cedff20999df2af8eb42d56 -> 
========================================================================
Received Import Request.
  Time since last request: 156.748239 seconds.
  path: Assets/Prefabs/包子.prefab
  artifactKey: Guid(25504251438a6c1458bc142c3170ac68) Importer(815301076,1909f56bfc062723c751e8b465ee728b)
Start importing Assets/Prefabs/包子.prefab using Guid(25504251438a6c1458bc142c3170ac68) Importer(815301076,1909f56bfc062723c751e8b465ee728b)  -> (artifact id: 'dffbadfd5d1233bdafa23d17ad81a38c') in 0.051113 seconds 
========================================================================
Received Import Request.
  Time since last request: 0.000233 seconds.
  path: Assets/Prefabs/hotpot.prefab
  artifactKey: Guid(024483f068cf0b145911881e8958d511) Importer(815301076,1909f56bfc062723c751e8b465ee728b)
Start importing Assets/Prefabs/hotpot.prefab using Guid(024483f068cf0b145911881e8958d511) Importer(815301076,1909f56bfc062723c751e8b465ee728b)  -> (artifact id: '1fac68dc431a2aa7794b161a40c9a804') in 0.017442 seconds 
========================================================================
Received Import Request.
  Time since last request: 0.000271 seconds.
  path: Assets/Prefabs/饺子.prefab
  artifactKey: Guid(6a28310721d8ca54086c5c300a663b94) Importer(815301076,1909f56bfc062723c751e8b465ee728b)
Start importing Assets/Prefabs/饺子.prefab using Guid(6a28310721d8ca54086c5c300a663b94) Importer(815301076,1909f56bfc062723c751e8b465ee728b)  -> (artifact id: '72266450be23f9818a166768d4e42e05') in 0.017509 seconds 
========================================================================
Received Import Request.
  Time since last request: 0.000245 seconds.
  path: Assets/Prefabs/糖葫芦.prefab
  artifactKey: Guid(d5e3dc92758004c448ebb9c91d4562cd) Importer(815301076,1909f56bfc062723c751e8b465ee728b)
Start importing Assets/Prefabs/糖葫芦.prefab using Guid(d5e3dc92758004c448ebb9c91d4562cd) Importer(815301076,1909f56bfc062723c751e8b465ee728b)  -> (artifact id: '022af2f234937b8b589b514af9439248') in 0.019853 seconds 
========================================================================
Received Import Request.
  Time since last request: 0.000282 seconds.
  path: Assets/Prefabs/春卷.prefab
  artifactKey: Guid(e80fcfc9f70e2c640a4d22775c8860de) Importer(815301076,1909f56bfc062723c751e8b465ee728b)
Start importing Assets/Prefabs/春卷.prefab using Guid(e80fcfc9f70e2c640a4d22775c8860de) Importer(815301076,1909f56bfc062723c751e8b465ee728b)  -> (artifact id: 'b99022a4da00d0be24e3f765c531d681') in 0.020575 seconds 
========================================================================
Received Import Request.
  Time since last request: 15.235860 seconds.
  path: Assets/Prefabs/hotpot.prefab
  artifactKey: Guid(024483f068cf0b145911881e8958d511) Importer(815301076,1909f56bfc062723c751e8b465ee728b)
Start importing Assets/Prefabs/hotpot.prefab using Guid(024483f068cf0b145911881e8958d511) Importer(815301076,1909f56bfc062723c751e8b465ee728b)  -> (artifact id: 'bb50177212c488bc33df6298ed2188fe') in 0.040789 seconds 
========================================================================
Received Import Request.
  Time since last request: 10.284932 seconds.
  path: Assets/Prefabs/hotpot.prefab
  artifactKey: Guid(024483f068cf0b145911881e8958d511) Importer(815301076,1909f56bfc062723c751e8b465ee728b)
Start importing Assets/Prefabs/hotpot.prefab using Guid(024483f068cf0b145911881e8958d511) Importer(815301076,1909f56bfc062723c751e8b465ee728b)  -> (artifact id: 'ffcc3958c99c2bdd534c65fe53e2e200') in 0.026986 seconds 
========================================================================
Received Import Request.
  Time since last request: 9.097921 seconds.
  path: Assets/Prefabs/包子.prefab
  artifactKey: Guid(25504251438a6c1458bc142c3170ac68) Importer(815301076,1909f56bfc062723c751e8b465ee728b)
Start importing Assets/Prefabs/包子.prefab using Guid(25504251438a6c1458bc142c3170ac68) Importer(815301076,1909f56bfc062723c751e8b465ee728b)  -> (artifact id: '2b7fe7871babf8cba50657fc1692ce43') in 0.041982 seconds 
========================================================================
Received Import Request.
  Time since last request: 0.000300 seconds.
  path: Assets/Prefabs/hotpot.prefab
  artifactKey: Guid(024483f068cf0b145911881e8958d511) Importer(815301076,1909f56bfc062723c751e8b465ee728b)
Start importing Assets/Prefabs/hotpot.prefab using Guid(024483f068cf0b145911881e8958d511) Importer(815301076,1909f56bfc062723c751e8b465ee728b)  -> (artifact id: 'ad17a2b93b7fc45b28f89bbf236466a6') in 0.016568 seconds 
========================================================================
Received Import Request.
  Time since last request: 0.000289 seconds.
  path: Assets/Prefabs/饺子.prefab
  artifactKey: Guid(6a28310721d8ca54086c5c300a663b94) Importer(815301076,1909f56bfc062723c751e8b465ee728b)
Start importing Assets/Prefabs/饺子.prefab using Guid(6a28310721d8ca54086c5c300a663b94) Importer(815301076,1909f56bfc062723c751e8b465ee728b)  -> (artifact id: 'a983503f320e856a50c11d42efb06d4c') in 0.017928 seconds 
========================================================================
Received Import Request.
  Time since last request: 0.000333 seconds.
  path: Assets/Prefabs/糖葫芦.prefab
  artifactKey: Guid(d5e3dc92758004c448ebb9c91d4562cd) Importer(815301076,1909f56bfc062723c751e8b465ee728b)
Start importing Assets/Prefabs/糖葫芦.prefab using Guid(d5e3dc92758004c448ebb9c91d4562cd) Importer(815301076,1909f56bfc062723c751e8b465ee728b)  -> (artifact id: '47e30d87696f1ceb3a4d2f5337c87808') in 0.017018 seconds 
========================================================================
Received Import Request.
  Time since last request: 0.000304 seconds.
  path: Assets/Prefabs/春卷.prefab
  artifactKey: Guid(e80fcfc9f70e2c640a4d22775c8860de) Importer(815301076,1909f56bfc062723c751e8b465ee728b)
Start importing Assets/Prefabs/春卷.prefab using Guid(e80fcfc9f70e2c640a4d22775c8860de) Importer(815301076,1909f56bfc062723c751e8b465ee728b)  -> (artifact id: 'cc4a2fc3ffa846ffdcb3ce6400db11c5') in 0.016780 seconds 
========================================================================
Received Import Request.
  Time since last request: 2.775085 seconds.
  path: Assets/Prefabs/hotpot.prefab
  artifactKey: Guid(024483f068cf0b145911881e8958d511) Importer(815301076,1909f56bfc062723c751e8b465ee728b)
Start importing Assets/Prefabs/hotpot.prefab using Guid(024483f068cf0b145911881e8958d511) Importer(815301076,1909f56bfc062723c751e8b465ee728b)  -> (artifact id: '194afb071ec610a2808b0964f2080351') in 0.017866 seconds 
========================================================================
Received Import Request.
  Time since last request: 0.000273 seconds.
  path: Assets/Prefabs/包子.prefab
  artifactKey: Guid(25504251438a6c1458bc142c3170ac68) Importer(815301076,1909f56bfc062723c751e8b465ee728b)
Start importing Assets/Prefabs/包子.prefab using Guid(25504251438a6c1458bc142c3170ac68) Importer(815301076,1909f56bfc062723c751e8b465ee728b)  -> (artifact id: '63f28d034ac87cebad7678bef0395e8b') in 0.015465 seconds 
========================================================================
Received Import Request.
  Time since last request: 0.000343 seconds.
  path: Assets/Prefabs/饺子.prefab
  artifactKey: Guid(6a28310721d8ca54086c5c300a663b94) Importer(815301076,1909f56bfc062723c751e8b465ee728b)
Start importing Assets/Prefabs/饺子.prefab using Guid(6a28310721d8ca54086c5c300a663b94) Importer(815301076,1909f56bfc062723c751e8b465ee728b)  -> (artifact id: '9d2fcfffc7fc1e71fd951a4d30a40834') in 0.017624 seconds 
========================================================================
Received Import Request.
  Time since last request: 0.000335 seconds.
  path: Assets/Prefabs/糖葫芦.prefab
  artifactKey: Guid(d5e3dc92758004c448ebb9c91d4562cd) Importer(815301076,1909f56bfc062723c751e8b465ee728b)
Start importing Assets/Prefabs/糖葫芦.prefab using Guid(d5e3dc92758004c448ebb9c91d4562cd) Importer(815301076,1909f56bfc062723c751e8b465ee728b)  -> (artifact id: '62ed83acc7325996f74c311a892375f8') in 0.016467 seconds 
========================================================================
Received Import Request.
  Time since last request: 0.000335 seconds.
  path: Assets/Prefabs/春卷.prefab
  artifactKey: Guid(e80fcfc9f70e2c640a4d22775c8860de) Importer(815301076,1909f56bfc062723c751e8b465ee728b)
Start importing Assets/Prefabs/春卷.prefab using Guid(e80fcfc9f70e2c640a4d22775c8860de) Importer(815301076,1909f56bfc062723c751e8b465ee728b)  -> (artifact id: '8768914e8f59d3c8a30cba5a7f670fc0') in 0.016493 seconds 
========================================================================
Received Prepare
Registering precompiled user dll's ...
Registered in 0.000898 seconds.
Begin MonoManager ReloadAssembly
Native extension for WindowsStandalone target not found
Native extension for OSXStandalone target not found
Native extension for WebGL target not found
Refreshing native plugins compatible for Editor in 0.16 ms, found 0 plugins.
Preloading 0 native plugins for Editor in 0.00 ms.
Mono: successfully reloaded assembly
- Completed reload, in  0.535 seconds
Domain Reload Profiling:
	ReloadAssembly (535ms)
		BeginReloadAssembly (89ms)
			ExecutionOrderSort (0ms)
			DisableScriptedObjects (3ms)
			BackupInstance (0ms)
			ReleaseScriptingObjects (0ms)
			CreateAndSetChildDomain (21ms)
		EndReloadAssembly (399ms)
			LoadAssemblies (73ms)
			RebuildTransferFunctionScriptingTraits (0ms)
			SetupTypeCache (124ms)
			ReleaseScriptCaches (0ms)
			RebuildScriptCaches (21ms)
			SetupLoadedEditorAssemblies (139ms)
				LogAssemblyErrors (0ms)
				InitializePlatformSupportModulesInManaged (5ms)
				SetLoadedEditorAssemblies (0ms)
				RefreshPlugins (0ms)
				BeforeProcessingInitializeOnLoad (50ms)
				ProcessInitializeOnLoadAttributes (70ms)
				ProcessInitializeOnLoadMethodAttributes (7ms)
				AfterProcessingInitializeOnLoad (5ms)
				EditorAssembliesLoaded (0ms)
			ExecutionOrderSort2 (0ms)
			AwakeInstancesAfterBackupRestoration (1ms)
Platform modules already initialized, skipping
Refreshing native plugins compatible for Editor in 0.21 ms, found 0 plugins.
Preloading 0 native plugins for Editor in 0.00 ms.
Unloading 649 Unused Serialized files (Serialized files now loaded: 0)
System memory in use before: 50.5 MB.
System memory in use after: 50.6 MB.

Unloading 5 unused Assets to reduce memory usage. Loaded Objects now: 1216.
Total: 2.369400 ms (FindLiveObjects: 0.201100 ms CreateObjectMapping: 0.031300 ms MarkObjects: 2.097600 ms  DeleteObjects: 0.037400 ms)

AssetImportParameters requested are different than current active one (requested -> active):
  custom:framework-win-MediaFoundation: 216162199b28c13a410421893ffa2e32 -> 
  custom:video-decoder-ogg-theora: a1e56fd34408186e4bbccfd4996cb3dc -> 
  custom:container-muxer-webm: aa71ff27fc2769a1b78a27578f13a17b -> 
  custom:container-demuxer-webm: 4f35f7cbe854078d1ac9338744f61a02 -> 
  custom:container-demuxer-ogg: 62fdf1f143b41e24485cea50d1cbac27 -> 
  custom:video-encoder-webm-vp8: eb34c28f22e8b96e1ab97ce403110664 -> 
  custom:video-codec-MediaFoundation-h265: 746d11721c4dcdbdad8f713fa42b33f4 -> 
  custom:video-decoder-webm-vp8: 9c59270c3fd7afecdb556c50c9e8de78 -> 
  custom:audio-decoder-ogg-vorbis: bf7c407c2cedff20999df2af8eb42d56 -> 
  custom:audio-encoder-webm-vorbis: bf7c407c2cedff20999df2af8eb42d56 -> 
========================================================================
Received Import Request.
  Time since last request: 247.573639 seconds.
  path: Assets/Scripts/Fruit.cs
  artifactKey: Guid(e3b08cbe8beb8eb4280a7535cb1136be) Importer(815301076,1909f56bfc062723c751e8b465ee728b)
Start importing Assets/Scripts/Fruit.cs using Guid(e3b08cbe8beb8eb4280a7535cb1136be) Importer(815301076,1909f56bfc062723c751e8b465ee728b)  -> (artifact id: '891c9c5c9582f27998f3ed84b6a8a440') in 0.004558 seconds 
========================================================================
Received Import Request.
  Time since last request: 129.364503 seconds.
  path: Assets/Models/Fruit_Whole.fbx
  artifactKey: Guid(5cf31d67a6afd394e82ffb55e5d61eeb) Importer(815301076,1909f56bfc062723c751e8b465ee728b)
Start importing Assets/Models/Fruit_Whole.fbx using Guid(5cf31d67a6afd394e82ffb55e5d61eeb) Importer(815301076,1909f56bfc062723c751e8b465ee728b)  -> (artifact id: '6dd82a098ec884e8615ac2d273a2eb08') in 0.075325 seconds 
========================================================================
Received Import Request.
  Time since last request: 33.059707 seconds.
  path: Assets/Scripts/Bomb.cs
  artifactKey: Guid(9e2fc55f8f2deb34d98edcfb50b0d6ed) Importer(815301076,1909f56bfc062723c751e8b465ee728b)
Start importing Assets/Scripts/Bomb.cs using Guid(9e2fc55f8f2deb34d98edcfb50b0d6ed) Importer(815301076,1909f56bfc062723c751e8b465ee728b)  -> (artifact id: '538bcaf9b412c5b915f7244828a607a9') in 0.002884 seconds 
AssetImportWorkerClient::OnTransportError - code=2 error=End of file
